,BriefDescription,ProjectYear,InternalProjectID,ImprovementType_x,AreaTypeFuncClass,main_ProjectInformation.State,TollType,TrafficForecast,ForecastYear,ForecastYearType,YearForecastProduced,ForecastingAgency,ForecastMethodology,SegmentDescription,ProjectID,SegmentID,CountID,Year_ofObservation,Count,Station_Identifier,main_TrafficCounts.State,CounterID,FunctionalClass,2002,2003,2004,2005,2006,2007,2008,2009,2010,2011,2012,2013,2014,2015,ImprovementType_y
0,SR 70 Okeechobee Road Virginia Avenue from East of Jenkins Road (MP 21.600) to US 1 (MP 25.255),2008.0,8870,,,FL,No Tolls on 1+ lane,30300,2012.0,1-Opening Year,2008.0,1-State DOT,"1-Traffic count trend, 4-Regional travel model",SR 70 from Okeechobee Road to US 1,12-8870--SR 70 Okeechobee Road Virginia Avenue from East of Jenkins Road (MP 21.600) to US 1 (MP 25.255),94030000.0,12-24552-940032,2012,21000,940032.0,Florida,12-24552-940032,,23000.0,20500.0,22500.0,23500.0,21500.0,25000.0,23500.0,22500.0,22500.0,23000.0,23000.0,21000.0,21000.0,22000.0,1
1,SR 804 from East of Hagen Ranch Road (MP 2.760) to West of Jog Rod (MP 3.360),2008.0,8871,,,FL,No Tolls on 1+ lane,37400,2012.0,1-Opening Year,2008.0,1-State DOT,"1-Traffic count trend, 4-Regional travel model",from Hagen Ranch Road (MP 2.76) to Jog (MP 3.36),12-8871--SR 804 from East of Hagen Ranch Road (MP 2.760) to West of Jog Rod (MP 3.360),93200000.0,12-24553-935201,2012,41000,935201.0,Florida,12-24553-935201,,32000.0,37500.0,39500.0,37500.0,38000.0,32500.0,41500.0,40500.0,40000.0,41000.0,41000.0,45000.0,42500.0,47500.0,
2,SR 802 East of Congress Avenue (MP 7.200) to West of Lake Osborne Drive (MP 8.010),2008.0,8872,,,FL,No Tolls on 1+ lane,25500,2012.0,1-Opening Year,2008.0,1-State DOT,"1-Traffic count trend, 4-Regional travel model",SR 802 East of Congress Avenue (MP 7.200) to West of Lake Osborne Drive (MP 8.010),12-8872--SR 802 East of Congress Avenue (MP 7.200) to West of Lake Osborne Drive (MP 8.010),93180000.0,12-24554-930025,2012,24500,930025.0,Florida,12-24554-930025,,21500.0,26500.0,26500.0,24500.0,24500.0,23500.0,24000.0,22000.0,27000.0,24500.0,24500.0,23000.0,23500.0,22500.0,
3,SR 811 from Hillsboro Boulevard to SW 18 Street (Boca Raton),2008.0,8873,,,FL,No Tolls on 1+ lane,23900,2012.0,1-Opening Year,2008.0,1-State DOT,"1-Traffic count trend, 4-Regional travel model",SR 810 to Broward and Palm Beach County Line,12-8873--SR 811 from Hillsboro Boulevard to SW 18 Street (Boca Raton),86170000.0,12-24555-860490,2012,15600,860490.0,Florida,12-24555-860490,,15100.0,16300.0,16600.0,15800.0,16200.0,15500.0,15400.0,14000.0,14500.0,12700.0,15100.0,15000.0,15600.0,17900.0,
4,SR 713 St. Lucie County from SR 614/Indrio (MP 7.5) to North of Spanish Lakes Blvd (9.5),2008.0,8874,,,FL,No Tolls on 1+ lane,15600,2013.0,1-Opening Year,2008.0,1-State DOT,"1-Traffic count trend, 4-Regional travel model",Kings Hwg from Indrio Road (MP7.5) to North of Spanish Lakes Blvd(MP 9.5),12-8874--SR 713 St. Lucie County from SR 614/Indrio (MP 7.5) to North of Spanish Lakes Blvd (9.5),94003000.0,12-24556-940269,2013,9000,940269.0,Florida,12-24556-940269,,10300.0,10300.0,10300.0,11100.0,10100.0,11000.0,,10100.0,9800.0,9300.0,10400.0,9000.0,9700.0,10300.0,1
5,SR 5 from (MP 0.475)  to (MP 0.675),2008.0,8875,,,FL,No Tolls on 1+ lane,61700,2011.0,1-Opening Year,2008.0,1-State DOT,"1-Traffic count trend, 4-Regional travel model",SR 5 from (MP 0.475)  to (MP 0.675),12-8875--SR 5 from (MP 0.475)  to (MP 0.675),94010000.0,12-24557-945071,2011,50500,945071.0,Florida,12-24557-945071,,57500.0,62500.0,58000.0,52500.0,63500.0,43000.0,57000.0,56000.0,55000.0,50500.0,46000.0,48000.0,45000.0,50500.0,1
6,SR 717 from Main Street (MP .590) to SR 715 (MP 1.706),2008.0,8876,,,FL,No Tolls on 1+ lane,3700,2013.0,1-Opening Year,2008.0,1-State DOT,"1-Traffic count trend, 4-Regional travel model",SR 717 from Main Street (MP .590) to SR 715 (MP 1.706),12-8876--SR 717 from Main Street (MP .590) to SR 715 (MP 1.706),93170000.0,12-24558-930085,2013,3300,930085.0,Florida,12-24558-930085,,4000.0,4100.0,3600.0,3900.0,3700.0,4300.0,3300.0,3400.0,4200.0,3600.0,2800.0,3300.0,3200.0,3200.0,
7,CR 714 from Mapp Road to SR 76,2008.0,8877,,,FL,No Tolls on 1+ lane,42900,2011.0,1-Opening Year,2008.0,1-State DOT,4-Regional travel model,Indian Street Brigde from 12001 Wof Mapp Road to 12001 E of Kanner Hwy,12-8877--CR 714 from Mapp Road to SR 76,89000056.0,12-24559-890025,2014,17129,890025.0,Florida,12-24559-890025,,50000.0,46000.0,47500.0,46000.0,43500.0,42500.0,45000.0,45000.0,39000.0,41000.0,38500.0,47000.0,33000.0,29500.0,
8,SR 25 from Miami Dade County Line (MP 0.000) to North of Griffin Road (MP 7.192),2008.0,8878,,,FL,No Tolls on 1+ lane,22400,2010.0,1-Opening Year,2008.0,1-State DOT,"1-Traffic count trend, 4-Regional travel model",SR 25 N of MiamiDade County,12-8878--SR 25 from Miami Dade County Line (MP 0.000) to North of Griffin Road (MP 7.192),86060000.0,12-24560-860584,2010,17100,860584.0,Florida,12-24560-860584,,17100.0,18700.0,17800.0,17700.0,21000.0,19500.0,22500.0,21300.0,17100.0,17600.0,19000.0,20300.0,17000.0,,1
9,SR 25 from Miami Dade County Line (MP 0.000) to North of Griffin Road (MP 7.192),2008.0,8879,,,FL,No Tolls on 1+ lane,18800,2010.0,1-Opening Year,2008.0,1-State DOT,"1-Traffic count trend, 4-Regional travel model",SR 25 N of Pines Boulevard,12-8879--SR 25 from Miami Dade County Line (MP 0.000) to North of Griffin Road (MP 7.192),86060000.0,12-24561-860083,2010,17900,860083.0,Florida,12-24561-860083,,16600.0,15100.0,17800.0,16600.0,18100.0,18700.0,15500.0,20500.0,17900.0,17300.0,20200.0,14400.0,19700.0,16800.0,1
10,SR 25 from Miami Dade County Line (MP 0.000) to North of Griffin Road (MP 7.192),2008.0,8880,,,FL,No Tolls on 1+ lane,16400,2010.0,1-Opening Year,2008.0,1-State DOT,"1-Traffic count trend, 4-Regional travel model",SR 25 S of Stirling Road,12-8880--SR 25 from Miami Dade County Line (MP 0.000) to North of Griffin Road (MP 7.192),86060000.0,12-24562-865336,2010,17200,865336.0,Florida,12-24562-865336,,13400.0,14300.0,13000.0,17100.0,14900.0,15400.0,16100.0,16800.0,17200.0,13100.0,13800.0,14600.0,13000.0,16300.0,1
12,SR 25 from N of Griffin Raod (MP 7.297) to S of Pines Blvd (MP 7.297),2009.0,8917,,,FL,No Tolls on 1+ lane,21500,2013.0,1-Opening Year,2009.0,1-State DOT,"1-Traffic count trend, 4-Regional travel model",SR 25 from N of Griffin Raod (MP 7.297) to S of Pines Blvd (MP 7.297),12-8917--SR 25 from N of Griffin Raod (MP 7.297) to S of Pines Blvd (MP 7.297),86060000.0,12-24599-865336,2013,14600,865336.0,Florida,12-24599-865336,,13400.0,14300.0,13000.0,17100.0,14900.0,15400.0,16100.0,16800.0,17200.0,13100.0,13800.0,14600.0,13000.0,16300.0,1
14,SR 25 from Miami Dade County Line (MP 0.000) to North of Griffin Road (MP 7.192),2008.0,8881,,,FL,No Tolls on 1+ lane,15400,2010.0,1-Opening Year,2008.0,1-State DOT,"1-Traffic count trend, 4-Regional travel model",SR 25 S of Griffin Road,12-8881--SR 25 from Miami Dade County Line (MP 0.000) to North of Griffin Road (MP 7.192),86060000.0,12-24563-865240,2010,14100,865240.0,Florida,12-24563-865240,,13500.0,12300.0,14100.0,13000.0,14800.0,16500.0,13800.0,16600.0,14100.0,13200.0,17000.0,14700.0,17800.0,17800.0,1
15,SR A1A from (MP 0.000)  Broward County to N of Seacrest Parkway,2008.0,8882,,,FL,No Tolls on 1+ lane,36500,2012.0,1-Opening Year,2008.0,1-State DOT,"1-Traffic count trend, 4-Regional travel model",SR A1A from (MP 0.000)  Broward County to N of Seacrest Parkway,12-8882--SR A1A from (MP 0.000)  Broward County to N of Seacrest Parkway,86030000.0,12-24564-865044,2012,40000,865044.0,Florida,12-24564-865044,,30000.0,26000.0,26500.0,28500.0,32000.0,31000.0,33000.0,33000.0,30500.0,35000.0,40000.0,37500.0,37500.0,31000.0,1
17,SR A1A from Miami Dade County Line (MP 0.000) to Seacrest Parkway (MP .906),2011.0,8944,,,FL,No Tolls on 1+ lane,38000,2014.0,1-Opening Year,2011.0,1-State DOT,"1-Traffic count trend, 4-Regional travel model",SR A1A from Miami Dade County Line (MP 0.000) to Seacrest Parkway (MP .906),12-8944--SR A1A from Miami Dade County Line (MP 0.000) to Seacrest Parkway (MP .906),86030000.0,12-24626-865044,2014,37500,865044.0,Florida,12-24626-865044,,30000.0,26000.0,26500.0,28500.0,32000.0,31000.0,33000.0,33000.0,30500.0,35000.0,40000.0,37500.0,37500.0,31000.0,1
19,SR A1A (MP 2.400) In St Lucie County to (MP 5.900),2008.0,8883,,,FL,No Tolls on 1+ lane,9900,2012.0,1-Opening Year,2008.0,1-State DOT,"1-Traffic count trend, 4-Regional travel model",SR A1A (MP 2.400) In St Lucie County to (MP 5.900),12-8883--SR A1A (MP 2.400) In St Lucie County to (MP 5.900),94060000.0,12-24565-940705,2012,5900,940705.0,Florida,12-24565-940705,,6800.0,6300.0,6700.0,6400.0,6800.0,7700.0,5500.0,6600.0,6700.0,6900.0,5900.0,5900.0,6700.0,7900.0,1
20,SR 80 from (MP 2.620) to (MP 4.460),2008.0,8884,,,FL,No Tolls on 1+ lane,14600,2013.0,1-Opening Year,2008.0,1-State DOT,"1-Traffic count trend, 4-Regional travel model",SR 80 S of Avenue G,12-8884--SR 80 from (MP 2.620) to (MP 4.460),93110000.0,12-24566-930359,2013,17300,930359.0,Florida,12-24566-930359,,19400.0,17800.0,19600.0,19200.0,19700.0,16900.0,24500.0,26000.0,18400.0,19200.0,18900.0,17300.0,16800.0,16100.0,1
21,SR 80 from (MP 2.620) to (MP 4.460),2008.0,8885,,,FL,No Tolls on 1+ lane,23300,2013.0,1-Opening Year,2008.0,1-State DOT,"1-Traffic count trend, 4-Regional travel model",SR 80 S of Avenue E,12-8885--SR 80 from (MP 2.620) to (MP 4.460),93110000.0,12-24567-935177,2013,22000,935177.0,Florida,12-24567-935177,,25500.0,26000.0,25500.0,26500.0,23000.0,22000.0,20000.0,23000.0,21500.0,21000.0,20000.0,22000.0,20500.0,23000.0,1
22,SR A1A from (MP 3.380) Palm Beach County to (MP 4.000) along John D. MacArthur Beach,2008.0,8886,,,FL,No Tolls on 1+ lane,9500,2012.0,1-Opening Year,2008.0,1-State DOT,"1-Traffic count trend, 4-Regional travel model",SR A1A from (MP 3.380) Palm Beach County to (MP 4.000) along John D. MacArthur Beach,12-8886--SR A1A from (MP 3.380) Palm Beach County to (MP 4.000) along John D. MacArthur Beach,93080000.0,12-24568-930666,2012,7000,930666.0,Florida,12-24568-930666,,8900.0,9300.0,9600.0,8600.0,8100.0,8700.0,7400.0,8200.0,9000.0,7900.0,7000.0,9100.0,9500.0,8500.0,1
23,SR A1A (MP 5.900) In St. Lucie County to (MP 7.709),2008.0,8887,,,FL,No Tolls on 1+ lane,7600,2012.0,1-Opening Year,2008.0,1-State DOT,"1-Traffic count trend, 4-Regional travel model",SR A1A S of Regal Road,12-8887--SR A1A (MP 5.900) In St. Lucie County to (MP 7.709),9406000.0,12-24569-940703,2012,5900,940703.0,Florida,12-24569-940703,,6000.0,5400.0,5100.0,4500.0,5200.0,5300.0,4200.0,5500.0,5200.0,6700.0,5900.0,7600.0,5500.0,5100.0,
24,SR A1A from (MP 5.945) to SR 5 /US 1,2008.0,8888,,,FL,No Tolls on 1+ lane,14600,2012.0,1-Opening Year,2008.0,1-State DOT,"1-Traffic count trend, 4-Regional travel model",SR A1A E of SR 5/US 1,12-8888--SR A1A from (MP 5.945) to SR 5 /US 1,93080000.0,12-24570-935290,2012,10600,935290.0,Florida,12-24570-935290,,11200.0,12000.0,12300.0,13200.0,11700.0,12400.0,10700.0,11200.0,13000.0,12500.0,10600.0,13000.0,9700.0,14600.0,
25,US 27/SR 25 at (MP 12.5),2008.0,8889,,,FL,No Tolls on 1+ lane,9400,2010.0,1-Opening Year,2008.0,1-State DOT,"1-Traffic count trend, 4-Regional travel model",US 27/SR 25 at (MP 12.5),12-8889--US 27/SR 25 at (MP 12.5),93160000.0,12-24571-935169,2010,8000,935169.0,Florida,12-24571-935169,,10100.0,8700.0,7100.0,8800.0,10800.0,9100.0,8400.0,7600.0,8200.0,8100.0,7900.0,6700.0,8000.0,8300.0,1
26,SR 70 from Header Canal Road (MP 13.392) to McCarthy Road (MP 17.760),2008.0,8890,,,FL,No Tolls on 1+ lane,5800,2009.0,1-Opening Year,2008.0,1-State DOT,"1-Traffic count trend, 4-Regional travel model",SR 70 E of CR 609/A,12-8890--SR 70 from Header Canal Road (MP 13.392) to McCarthy Road (MP 17.760),94030000.0,12-24572-940195,2009,5100,940195.0,Florida,12-24572-940195,,4708.0,4897.0,5541.0,5349.0,5311.0,5196.0,5000.0,5100.0,4300.0,4191.0,4039.0,4171.0,4382.0,4778.0,3
27,US -1/SR-5 from (MP 20.890) to St. Lucie/Indian River County Line,2008.0,8891,,,FL,No Tolls on 1+ lane,30800,2013.0,1-Opening Year,2008.0,1-State DOT,"1-Traffic count trend, 4-Regional travel model",US -1/SR-5 from (MP 20.890) to St. Lucie/Indian River County Line,12-8891--US -1/SR-5 from (MP 20.890) to St. Lucie/Indian River County Line,94010000.0,12-24573-940107,2013,16100,940107.0,Florida,12-24573-940107,,24000.0,25000.0,24000.0,27000.0,25000.0,25000.0,23500.0,20500.0,19500.0,21500.0,18800.0,16100.0,21500.0,23500.0,1
29,SR 5 from South of Kings highway (MP 20.880) to South of Highland Drive (MP .449),2011.0,8968,,,FL,No Tolls on 1+ lane,29500,2014.0,1-Opening Year,2011.0,1-State DOT,"1-Traffic count trend, 4-Regional travel model",SR-5 from S of Kings Hwy. (MP 20.880) to S of Highland Dr. (MP 0.449),12-8968--SR 5 from South of Kings highway (MP 20.880) to South of Highland Drive (MP .449),94010.0,12-24650-940107,2014,21500,940107.0,Florida,12-24650-940107,,24000.0,25000.0,24000.0,27000.0,25000.0,25000.0,23500.0,20500.0,19500.0,21500.0,18800.0,16100.0,21500.0,23500.0,1
31,SR 9 (I-95) from SB (MP 22.681) to SB (MP 24.515),2008.0,8892,,,FL,No Tolls on 1+ lane,31100,2011.0,1-Opening Year,2008.0,1-State DOT,"1-Traffic count trend, 4-Regional travel model",I-95 at Martin/St. Lucie County Line,12-8892--SR 9 (I-95) from SB (MP 22.681) to SB (MP 24.515),89095000.0,12-24574-890334,2011,25863,890334.0,Florida,12-24574-890334,,43823.0,46715.0,51431.0,54622.0,56500.0,54924.0,54000.0,51266.0,53136.0,51515.0,51090.0,52766.0,54977.0,59325.0,3
32,SR A1A from South of Oakland Park Boulevard to North of Flamingo Avenue,2008.0,8893,,,FL,No Tolls on 1+ lane,30100,2013.0,1-Opening Year,2008.0,1-State DOT,4-Regional travel model,SR A1A - S. of Oakland Park Blvd. to NE 40th Street,12-8893--SR A1A from South of Oakland Park Boulevard to North of Flamingo Avenue,86230000.0,12-24575-865126,2013,20400,865126.0,Florida,12-24575-865126,,33000.0,33000.0,32500.0,32000.0,29000.0,29000.0,38000.0,26000.0,24500.0,25500.0,30000.0,20400.0,27500.0,23500.0,1
33,SR A1A from South of Oakland Park Boulevard to North of Flamingo Avenue,2008.0,8894,,,FL,No Tolls on 1+ lane,25400,2013.0,1-Opening Year,2008.0,1-State DOT,4-Regional travel model,NE 40th Street to Flamingo Avenue,12-8894--SR A1A from South of Oakland Park Boulevard to North of Flamingo Avenue,86230000.0,12-24576-860432,2013,19200,860432.0,Florida,12-24576-860432,,28500.0,25500.0,25000.0,26000.0,24500.0,18800.0,21500.0,23000.0,22500.0,26000.0,24500.0,19200.0,20000.0,18900.0,
34,US-1/SR-5 from North of Highland Drive to Oslo Road,2008.0,8895,,,FL,No Tolls on 1+ lane,33100,2014.0,1-Opening Year,2008.0,1-State DOT,"1-Traffic count trend, 4-Regional travel model",US-1/SR-5 from North of Highland Drive to Oslo Road,12-8895--US-1/SR-5 from North of Highland Drive to Oslo Road,88010000.0,12-24577-880100,2014,19500,880100.0,Florida,12-24577-880100,,26000.0,24500.0,24500.0,24500.0,25500.0,28500.0,10400.0,20900.0,20200.0,20100.0,22000.0,20300.0,19500.0,24000.0,3
36,US-1/SR-5 from St. Lucie/Indian River County Line to 11 Street,2008.0,8907,,,FL,No Tolls on 1+ lane,31900,2014.0,1-Opening Year,2008.0,1-State DOT,"1-Traffic count trend, 4-Regional travel model",US-1/SR-5 from St. Lucie/Indian River County Line to N of Highland Drive,12-8907--US-1/SR-5 from St. Lucie/Indian River County Line to 11 Street,88010000.0,12-24589-880100,2014,19500,880100.0,Florida,12-24589-880100,,26000.0,24500.0,24500.0,24500.0,25500.0,28500.0,10400.0,20900.0,20200.0,20100.0,22000.0,20300.0,19500.0,24000.0,3
38,SR 5/US-1 from North of parker Bridge (MP 2.389) to South of SR 706/Indiantown Road (MP 9.470),2008.0,8896,,,FL,No Tolls on 1+ lane,25300,2012.0,1-Opening Year,2008.0,1-State DOT,2-Population growth rates,SR 5/US-1 from North of parker Bridge (MP 2.389) to South of SR 706/Indiantown Road (MP 9.470),12-8896--SR 5/US-1 from North of parker Bridge (MP 2.389) to South of SR 706/Indiantown Road (MP 9.470),93040000.0,12-24578-930006,2012,21000,930006.0,Florida,12-24578-930006,,24000.0,25000.0,24500.0,25500.0,25000.0,24500.0,23000.0,22000.0,25000.0,22000.0,21000.0,21000.0,25500.0,26500.0,
39,SR 9 North of SR 60 (MP 6.500) to N. of CR-512 (MP 16.500),2008.0,8897,,,FL,No Tolls on 1+ lane,50500,2014.0,1-Opening Year,2008.0,1-State DOT,"1-Traffic count trend, 4-Regional travel model",SR 9 North of SR 60 (MP 6.500) to N. of CR-512 (MP 16.500),12-8897--SR 9 North of SR 60 (MP 6.500) to N. of CR-512 (MP 16.500),88081000.0,12-24579-882001,2014,42000,882001.0,Florida,12-24579-882001,,33000.0,34500.0,37500.0,30000.0,37500.0,36500.0,36000.0,35000.0,35000.0,41000.0,44000.0,40500.0,42000.0,43500.0,"1,3"
40,SR 811 from Northlake Blvd (MP 1.245) to South of Burns Road (MP 2.980),2008.0,8898,,,FL,No Tolls on 1+ lane,23400,2011.0,1-Opening Year,2008.0,1-State DOT,"1-Traffic count trend, 4-Regional travel model",SR 811 from Northlake Blvd (MP 1.245) to South of Burns Road (MP 2.980),12-8898--SR 811 from Northlake Blvd (MP 1.245) to South of Burns Road (MP 2.980),93090000.0,12-24580-935257,2011,22000,935257.0,Florida,12-24580-935257,,22000.0,21000.0,22500.0,22500.0,23000.0,22500.0,21500.0,23500.0,23000.0,22000.0,20400.0,22000.0,22000.0,23500.0,1
42,SR 811 from Northlake Blvd (MP 1.245) to South of Burns Road (MP 2.980),2008.0,8899,,,FL,No Tolls on 1+ lane,27400,2011.0,1-Opening Year,2008.0,1-State DOT,"1-Traffic count trend, 4-Regional travel model",SR 811 from Northlake Blvd (MP 1.245) to South of Burns Road (MP 2.980),12-8899--SR 811 from Northlake Blvd (MP 1.245) to South of Burns Road (MP 2.980),93090000.0,12-24581-935257,2011,22000,935257.0,Florida,12-24581-935257,,22000.0,21000.0,22500.0,22500.0,23000.0,22500.0,21500.0,23500.0,23000.0,22000.0,20400.0,22000.0,22000.0,23500.0,1
44,SR 809 from Pavement seam north of Blue Heron (MP 7.47) to South of PGA Blvd (MP 11.08),2008.0,8900,,,FL,No Tolls on 1+ lane,33300,2012.0,1-Opening Year,2008.0,1-State DOT,"1-Traffic count trend, 4-Regional travel model",Military Trail from north of Blue Heron to Northlake Blvd,12-8900--SR 809 from Pavement seam north of Blue Heron (MP 7.47) to South of PGA Blvd (MP 11.08),93150000.0,12-24582-930496,2012,28000,930496.0,Florida,12-24582-930496,,32000.0,33000.0,31000.0,30500.0,30500.0,30500.0,30500.0,29500.0,28500.0,29000.0,28000.0,27500.0,29500.0,29000.0,1
45,SR 809 from Pavement seam north of Blue Heron (MP 7.47) to South of PGA Blvd (MP 11.08),2008.0,8901,,,FL,No Tolls on 1+ lane,39000,2012.0,1-Opening Year,2008.0,1-State DOT,"1-Traffic count trend, 4-Regional travel model",Military Trail from Northlake Blvd to south of PGA Blvd,12-8901--SR 809 from Pavement seam north of Blue Heron (MP 7.47) to South of PGA Blvd (MP 11.08),93150000.0,12-24583-930708,2012,35000,930708.0,Florida,12-24583-930708,,35000.0,36000.0,36500.0,39500.0,37000.0,37000.0,35000.0,32500.0,35000.0,37000.0,35000.0,36000.0,38000.0,40000.0,1
46,SR A1A from Olive to Cocoanut Row,2008.0,8902,,,FL,No Tolls on 1+ lane,22600,2014.0,1-Opening Year,2008.0,1-State DOT,"1-Traffic count trend, 4-Regional travel model",SR A1A from Olive to Cocoanut Row,12-8902--SR A1A from Olive to Cocoanut Row,93060000.0,12-24584-930738,2014,12900,930738.0,Florida,12-24584-930738,,21000.0,22000.0,20500.0,19700.0,18200.0,11100.0,12700.0,12600.0,13300.0,14200.0,12700.0,12700.0,12900.0,,1
47,SR 76 from east Port of Mayaca (MP 1.810) to west of SR 710 (MP 9.770),2008.0,8903,,,FL,No Tolls on 1+ lane,2900,2011.0,1-Opening Year,2008.0,1-State DOT,"1-Traffic count trend, 4-Regional travel model",SR 76 from east Port of Mayaca (MP 1.810) to west of SR 710 (MP 9.770),12-8903--SR 76 from east Port of Mayaca (MP 1.810) to west of SR 710 (MP 9.770),89060000.0,12-24585-895065,2011,1650,895065.0,Florida,12-24585-895065,,1950.0,2400.0,2200.0,2100.0,2700.0,2500.0,2300.0,3500.0,2050.0,1650.0,3100.0,2100.0,2500.0,2200.0,1
48,SR 84 from Red Road to East of SW 26 Terrace,2008.0,8904,,,FL,No Tolls on 1+ lane,43200,2013.0,1-Opening Year,2008.0,1-State DOT,"1-Traffic count trend, 4-Regional travel model",SR 84 from Red Road to East of SW 26 Terrace,12-8904--SR 84 from Red Road to East of SW 26 Terrace,86080000.0,12-24586-860122,2013,37000,860122.0,Florida,12-24586-860122,,35500.0,36000.0,36000.0,36500.0,36500.0,39000.0,39500.0,36000.0,34500.0,30500.0,36500.0,37000.0,35500.0,34500.0,1
49,SR 823 from South of Johnson Street to North of Orange Drive,2008.0,8905,,,FL,No Tolls on 1+ lane,45300,2009.0,1-Opening Year,2008.0,1-State DOT,"1-Traffic count trend, 4-Regional travel model",SR 823 from South of Johnson Street to North of Orange Drive,12-8905--SR 823 from South of Johnson Street to North of Orange Drive,86190000.0,12-24587-860084,2009,39500,860084.0,Florida,12-24587-860084,,37500.0,38500.0,40500.0,42000.0,43500.0,42000.0,40500.0,39500.0,36000.0,37000.0,38000.0,39000.0,41000.0,40000.0,1
50,SR 802 Lake Worth Road from SR 7 (MP 0.000) to Turnpike (MP 1.593),2008.0,8906,,,FL,No Tolls on 1+ lane,34900,2012.0,1-Opening Year,2008.0,1-State DOT,"1-Traffic count trend, 4-Regional travel model",SR 834/Sample Road from Rock Island Road to Perimeter Road,12-8906--SR 802 Lake Worth Road from SR 7 (MP 0.000) to Turnpike (MP 1.593),93180000.0,12-24588-930053,2012,34000,930053.0,Florida,12-24588-930053,,25000.0,31500.0,33500.0,33000.0,32500.0,29000.0,34500.0,32000.0,34500.0,31500.0,34000.0,36500.0,37500.0,40000.0,
51,SR 814 Atlantic Blvd from US-1 to A1A,2008.0,8908,,,FL,No Tolls on 1+ lane,31500,2011.0,1-Opening Year,2008.0,1-State DOT,"1-Traffic count trend, 4-Regional travel model",SR 814 Atlantic Blvd from US-1 to A1A,12-8908--SR 814 Atlantic Blvd from US-1 to A1A,86130000.0,12-24590-860435,2011,23500,860435.0,Florida,12-24590-860435,,27000.0,29500.0,30000.0,29000.0,29500.0,29000.0,25000.0,28000.0,25500.0,23500.0,23500.0,24500.0,24500.0,21500.0,
52,SR 710 Dr Martin Luther King Jr Blvd from West of Australian Avenue (MP 22.822) to Old Dixie Highway (MP 23.655),2008.0,8909,,,FL,No Tolls on 1+ lane,17200,2014.0,1-Opening Year,2008.0,1-State DOT,"1-Traffic count trend, 4-Regional travel model",From Australian Avenue to Old Dixie Highway,12-8909--SR 710 Dr Martin Luther King Jr Blvd from West of Australian Avenue (MP 22.822) to Old Dixie Highway (MP 23.655),93310000.0,12-24591-935287,2014,7100,935287.0,Florida,12-24591-935287,,12500.0,13000.0,12800.0,12900.0,11100.0,8800.0,8600.0,7100.0,7500.0,6800.0,6400.0,6800.0,7100.0,6700.0,3
53,SR 710 Dr Martin Luther King Jr Blvd from West of Australian Avenue (MP 22.822) to Old Dixie Highway (MP 23.655),2008.0,8910,,,FL,No Tolls on 1+ lane,25100,2014.0,1-Opening Year,2008.0,1-State DOT,"1-Traffic count trend, 4-Regional travel model",Australian Avenue from SR 710 to 4 street,12-8910--SR 710 Dr Martin Luther King Jr Blvd from West of Australian Avenue (MP 22.822) to Old Dixie Highway (MP 23.655),93310000.0,12-24592-933505,2014,17100,933505.0,Florida,12-24592-933505,,,,,,20300.0,24500.0,22500.0,19500.0,20900.0,20200.0,25000.0,16900.0,17100.0,18700.0,3
54,SR 710 Dr Martin Luther King Jr Blvd from West of Australian Avenue (MP 22.822) to Old Dixie Highway (MP 23.655),2008.0,8911,,,FL,No Tolls on 1+ lane,19700,2014.0,1-Opening Year,2008.0,1-State DOT,"1-Traffic count trend, 4-Regional travel model",Australian Avenue from 10 Street to SR 710,12-8911--SR 710 Dr Martin Luther King Jr Blvd from West of Australian Avenue (MP 22.822) to Old Dixie Highway (MP 23.655),93310000.0,12-24593-933506,2014,17100,933506.0,Florida,12-24593-933506,,,,,,14500.0,13900.0,13200.0,10800.0,10900.0,10500.0,10700.0,11200.0,11200.0,11700.0,3
55,SR 60 from 66th Ave (MP 26.100) to 58th Ave (MP 27.200),2009.0,8912,,,FL,No Tolls on 1+ lane,42000,2013.0,1-Opening Year,2009.0,1-State DOT,4-Regional travel model,SR 60 from 66th Ave (MP 26.100) to 58th Ave (MP 27.200),12-8912--SR 60 from 66th Ave (MP 26.100) to 58th Ave (MP 27.200),88060000.0,12-24594-880025,2013,31500,880025.0,Florida,12-24594-880025,,35500.0,31500.0,28500.0,34000.0,37500.0,39500.0,38000.0,25000.0,33500.0,26000.0,20500.0,31500.0,33000.0,32000.0,1
56,SR 822 from MP 2.600 to MP 3.440,2009.0,8913,,,FL,No Tolls on 1+ lane,56300,2013.0,1-Opening Year,2009.0,1-State DOT,"1-Traffic count trend, 4-Regional travel model",Location #1,12-8913--SR 822 from MP 2.600 to MP 3.440,86230000.0,12-24595-865173,2013,46000,865173.0,Florida,12-24595-865173,,50500.0,50500.0,50500.0,49500.0,51500.0,51000.0,48500.0,43500.0,45500.0,48000.0,50500.0,46000.0,47500.0,44500.0,1
58,SR 822 (Sheridan Street) from CSX Railroad (MP 2.540) to west of N 26th Avenue (MP 3.012) including NB/SB I-95 Off-Ramps,2011.0,8951,,,FL,No Tolls on 1+ lane,51300,2013.0,1-Opening Year,2011.0,1-State DOT,"1-Traffic count trend, 4-Regional travel model",SR 822 (Sheridan Street) from CSX Railroad (MP 2.540) to west of N 26th Avenue (MP 3.012),12-8951--SR 822 (Sheridan Street) from CSX Railroad (MP 2.540) to west of N 26th Avenue (MP 3.012) including NB/SB I-95 Off-Ramps,86070000.0,12-24633-865173,2013,46000,865173.0,Florida,12-24633-865173,,50500.0,50500.0,50500.0,49500.0,51500.0,51000.0,48500.0,43500.0,45500.0,48000.0,50500.0,46000.0,47500.0,44500.0,1
60,SR 822 from MP 2.600 to MP 3.441,2009.0,8914,,,FL,No Tolls on 1+ lane,51800,2013.0,1-Opening Year,2009.0,1-State DOT,"1-Traffic count trend, 4-Regional travel model",Location #2,12-8914--SR 822 from MP 2.600 to MP 3.441,86230000.0,12-24596-860034,2013,45500,860034.0,Florida,12-24596-860034,,43500.0,43000.0,43500.0,45000.0,44500.0,42000.0,43000.0,44000.0,42500.0,40500.0,41500.0,45500.0,45000.0,40500.0,1
61,SR 811/N Dixie Highway from NE 26th St. (MP 1.80 to McNab Road (MP 5.40),2009.0,8915,,,FL,No Tolls on 1+ lane,31700,2013.0,1-Opening Year,2009.0,1-State DOT,4-Regional travel model,SR 811/N Dixie Highway from NE 26th St. (MP 1.80 to McNab Road (MP 5.40),12-8915--SR 811/N Dixie Highway from NE 26th St. (MP 1.80 to McNab Road (MP 5.40),86170000.0,12-24597-860023,2013,23500,860023.0,Florida,12-24597-860023,,27000.0,25500.0,26500.0,27500.0,24000.0,24500.0,27500.0,31000.0,26500.0,26500.0,23500.0,23500.0,25500.0,25000.0,1
62,SR 817/University Dr from Orange Dr to SW 30 st.,2009.0,8916,,,FL,No Tolls on 1+ lane,48900,2012.0,1-Opening Year,2009.0,1-State DOT,4-Regional travel model,SR 817/University Dr from Orange Dr to SW 30 st.,12-8916--SR 817/University Dr from Orange Dr to SW 30 st.,86220000.0,12-24598-860044,2012,50000,860044.0,Florida,12-24598-860044,,49500.0,47000.0,46000.0,42500.0,46500.0,47000.0,45500.0,47000.0,48000.0,49000.0,50000.0,48500.0,52000.0,50500.0,1
63,SR 869 from Powerline Rd to E Newport Center Dr.,2009.0,8918,,,FL,No Tolls on 1+ lane,47000,2014.0,1-Opening Year,2009.0,1-State DOT,4-Regional travel model,SR 869 from Powerline Rd to E Newport Center Dr.,12-8918--SR 869 from Powerline Rd to E Newport Center Dr.,86012000.0,12-24600-863012,2014,40000,863012.0,Florida,12-24600-863012,,41500.0,40000.0,39500.0,37500.0,39500.0,40500.0,39000.0,39500.0,40500.0,40000.0,40000.0,42000.0,40000.0,46500.0,1
64,SR 849 from MP 2.271 to Atlantic Blvd (MP 3.177),2009.0,8919,,,FL,No Tolls on 1+ lane,20100,2012.0,1-Opening Year,2009.0,1-State DOT,1-Traffic count trend,SR 849 from MP 2.271 to Atlantic Blvd (MP 3.177),12-8919--SR 849 from MP 2.271 to Atlantic Blvd (MP 3.177),86130000.0,12-24601-860060,2012,16400,860060.0,Florida,12-24601-860060,,15500.0,17400.0,16900.0,16700.0,16600.0,16500.0,18900.0,16500.0,16000.0,16200.0,17300.0,15200.0,16400.0,15900.0,1
65,SR 808/Glades Rd from W of Boca Lakes Dr (MP 1.180) to Florida1s Turnpike (MP 2.049),2009.0,8920,,,FL,No Tolls on 1+ lane,51000,2013.0,1-Opening Year,2009.0,1-State DOT,1-Traffic count trend,SR 808/Glades Rd from W of Boca Lakes Dr (MP 1.180) to Florida1s Turnpike (MP 2.049),12-8920--SR 808/Glades Rd from W of Boca Lakes Dr (MP 1.180) to Florida1s Turnpike (MP 2.049),93004000.0,12-24602-935341,2013,44500,935341.0,Florida,12-24602-935341,,49000.0,52500.0,54500.0,50000.0,47500.0,37500.0,53500.0,44500.0,47500.0,48500.0,48000.0,44500.0,46000.0,46000.0,1
66,SR 820/Pines Blvd from SW 196th Ave (MP 1.6) to W of I75 (MP 5.39),2009.0,8921,,,FL,No Tolls on 1+ lane,72000,2013.0,1-Opening Year,2009.0,1-State DOT,4-Regional travel model,SR820 from Dykes Rd to W of I75 (MP 5.39),12-8921--SR 820/Pines Blvd from SW 196th Ave (MP 1.6) to W of I75 (MP 5.39),86040000.0,12-24603-860088,2013,63000,860088.0,Florida,12-24603-860088,,63500.0,64000.0,64500.0,60000.0,62500.0,63500.0,67500.0,66000.0,67500.0,65000.0,70500.0,63000.0,65000.0,67500.0,
67,SR 820/Pines Blvd from SW 196th Ave (MP 1.6) to W of I75 (MP 5.39),2009.0,8922,,,FL,No Tolls on 1+ lane,50400,2013.0,1-Opening Year,2009.0,1-State DOT,4-Regional travel model,SR820 from SW 172nd Ave to Dykes Rd,12-8922--SR 820/Pines Blvd from SW 196th Ave (MP 1.6) to W of I75 (MP 5.39),86040000.0,12-24604-860087,2013,46000,860087.0,Florida,12-24604-860087,,51500.0,47000.0,48000.0,46500.0,47000.0,45500.0,48000.0,44500.0,38500.0,43500.0,44500.0,46000.0,48000.0,46000.0,
68,SR 820/Pines Blvd from SW 196th Ave (MP 1.6) to W of I75 (MP 5.39),2009.0,8923,,,FL,No Tolls on 1+ lane,41500,2013.0,1-Opening Year,2009.0,1-State DOT,4-Regional travel model,SR820 from SW 184th Ave to SW 172nd Ave,12-8923--SR 820/Pines Blvd from SW 196th Ave (MP 1.6) to W of I75 (MP 5.39),86040000.0,12-24605-860207,2013,36500,860207.0,Florida,12-24605-860207,,32500.0,32000.0,34500.0,33000.0,34000.0,33000.0,39500.0,39500.0,38000.0,36000.0,39000.0,36500.0,40000.0,40000.0,
69,SR 820/Pines Blvd from SW 196th Ave (MP 1.6) to W of I75 (MP 5.39),2009.0,8924,,,FL,No Tolls on 1+ lane,27300,2013.0,1-Opening Year,2009.0,1-State DOT,4-Regional travel model,SR820 SW 196th Ave to SW 184th Ave,12-8924--SR 820/Pines Blvd from SW 196th Ave (MP 1.6) to W of I75 (MP 5.39),86040000.0,12-24606-860085,2013,22200,860085.0,Florida,12-24606-860085,,22000.0,22000.0,23500.0,23500.0,23000.0,25000.0,26000.0,26000.0,24500.0,24500.0,27000.0,22200.0,24000.0,26000.0,
70,SR 870 from University Dr (MP 0.000) to W of NW 64th Ave (MP 0.800),2009.0,8925,,,FL,No Tolls on 1+ lane,56100,2011.0,1-Opening Year,2009.0,1-State DOT,4-Regional travel model,SR 870 from Unuversity Dr (MP 0.000) to W of NW 64th Ave (MP 0.800),12-8925--SR 870 from University Dr (MP 0.000) to W of NW 64th Ave (MP 0.800),86014000.0,12-24607-860015,2011,48500,860015.0,Florida,12-24607-860015,,57500.0,50000.0,52500.0,54000.0,54000.0,53500.0,51000.0,55000.0,52000.0,48500.0,50000.0,50000.0,49500.0,49500.0,
71,SR-842 at NW-SW 18 Ave (MP 5.392 to MP 5.398),2010.0,8926,,,FL,No Tolls on 1+ lane,74000,2012.0,1-Opening Year,2010.0,1-State DOT,"1-Traffic count trend, 4-Regional travel model",SR-842 at NW-SW 18 Ave (MP 5.392 to MP 5.398),12-8926--SR-842 at NW-SW 18 Ave (MP 5.392 to MP 5.398),86006000.0,12-24608-860021,2012,78000,860021.0,Florida,12-24608-860021,,72000.0,71500.0,73000.0,74000.0,69000.0,70500.0,74000.0,68000.0,72500.0,74500.0,78000.0,70000.0,70500.0,75000.0,
73,SR 842 from 24th Ave. to 7th Ave,2012.0,8993,,,FL,No Tolls on 1+ lane,72200,2015.0,1-Opening Year,2012.0,1-State DOT,4-Regional travel model,Location # 1,12-8993--SR 842 from 24th Ave. to 7th Ave,86006000.0,12-24675-860021,2015,79700,860021.0,Florida,12-24675-860021,,72000.0,71500.0,73000.0,74000.0,69000.0,70500.0,74000.0,68000.0,72500.0,74500.0,78000.0,70000.0,70500.0,75000.0,
75,SR-870 from White Oak Ln (MP 1.18) to NW 49th (MP 2.33),2010.0,8927,,,FL,No Tolls on 1+ lane,69500,2014.0,1-Opening Year,2010.0,1-State DOT,"1-Traffic count trend, 4-Regional travel model",SR-870 from White Oak Ln (MP 1.18) to NW 49th (MP 2.33),12-8927--SR-870 from White Oak Ln (MP 1.18) to NW 49th (MP 2.33),86014000.0,12-24609-860201,2014,49000,860201.0,Florida,12-24609-860201,,53000.0,49000.0,48500.0,50500.0,51500.0,53500.0,53000.0,47000.0,52500.0,50500.0,50000.0,49000.0,49000.0,48000.0,1
76,SR -848/ Stirling Road West and East of Davie Road,2010.0,8928,,,FL,No Tolls on 1+ lane,43500,2013.0,1-Opening Year,2010.0,1-State DOT,"1-Traffic count trend, 4-Regional travel model",SR -848/ Stirling Road West and East of Davied Road,12-8928--SR -848/ Stirling Road West and East of Davie Road,86016000.0,12-24610-860488,2013,36500,860488.0,Florida,12-24610-860488,,43000.0,40500.0,40000.0,41000.0,40000.0,40000.0,40500.0,40000.0,42500.0,40000.0,45500.0,36500.0,42500.0,43000.0,
79,SR-848 from NW 58th Ave to NW 68th Ave,2010.0,8933,,,FL,No Tolls on 1+ lane,43000,2013.0,1-Opening Year,2010.0,1-State DOT,"1-Traffic count trend, 4-Regional travel model",SR-848 from NW 58th Ave to NW 68th Ave,12-8933--SR-848 from NW 58th Ave to NW 68th Ave,86016000.0,12-24615-860488,2013,36500,860488.0,Florida,12-24615-860488,,43000.0,40500.0,40000.0,41000.0,40000.0,40000.0,40500.0,40000.0,42500.0,40000.0,45500.0,36500.0,42500.0,43000.0,
82,SR-848/ Stirling Rd from E. of SR-817/ University Dr to E. of SR-9,2011.0,8955,,,FL,No Tolls on 1+ lane,43500,2015.0,1-Opening Year,2011.0,1-State DOT,1-Traffic count trend,Davie Road to East of SR 7,12-8955--SR-848/ Stirling Rd from E. of SR-817/ University Dr to E. of SR-9,86016000.0,12-24637-860488,2015,45700,860488.0,Florida,12-24637-860488,,43000.0,40500.0,40000.0,41000.0,40000.0,40000.0,40500.0,40000.0,42500.0,40000.0,45500.0,36500.0,42500.0,43000.0,
85,SR-823 from Griffin Rd to SR 84,2010.0,8929,,,FL,No Tolls on 1+ lane,38800,2015.0,1-Opening Year,2010.0,1-State DOT,"1-Traffic count trend, 4-Regional travel model",SR-823 from Griffin Rd to SR 84,12-8929--SR-823 from Griffin Rd to SR 84,86190000.0,12-24611-860082,2015,40200,860082.0,Florida,12-24611-860082,,32000.0,33000.0,34500.0,35500.0,37500.0,33500.0,35000.0,31000.0,32000.0,32500.0,35000.0,34500.0,35000.0,37500.0,
86,SR 862 I-595 EB Exit Ramp to fort Lauderdale/Hollywood International Airort (MP 0.393 to 1.006),2010.0,8930,,,FL,No Tolls on 1+ lane,39500,2012.0,1-Opening Year,2010.0,1-State DOT,"1-Traffic count trend, 4-Regional travel model",SR 862 I-595 EB Exit Ramp to fort Lauderdale/Hollywood International Airort (MP 0.393 to 1.006),12-8930--SR 862 I-595 EB Exit Ramp to fort Lauderdale/Hollywood International Airort (MP 0.393 to 1.006),86010006.0,12-24612-860415,2012,28000,860415.0,Florida,12-24612-860415,,67000.0,63000.0,74500.0,70500.0,73000.0,69000.0,81000.0,23000.0,21000.0,22000.0,28000.0,28000.0,28000.0,37500.0,
87,SR-838 at NW 31 Ave (MP 5.003) & NW 27 Ave (MP 5.534),2010.0,8931,,,FL,No Tolls on 1+ lane,55000,2013.0,1-Opening Year,2010.0,1-State DOT,"1-Traffic count trend, 4-Regional travel model",SR-838 at NW 27 Ave (MP 5.534),12-8931--SR-838 at NW 31 Ave (MP 5.003) & NW 27 Ave (MP 5.534),86110000.0,12-24613-860469,2013,50000,860469.0,Florida,12-24613-860469,,55000.0,55500.0,56000.0,57000.0,55000.0,53500.0,50500.0,54000.0,50000.0,51500.0,55000.0,50000.0,49500.0,46500.0,
88,SR-838 at NW 31 Ave (MP 5.003) & NW 27 Ave (MP 5.534),2010.0,8932,,,FL,No Tolls on 1+ lane,56300,2013.0,1-Opening Year,2010.0,1-State DOT,"1-Traffic count trend, 4-Regional travel model",SR-838 at NW 31 Ave (MP 5.003),12-8932--SR-838 at NW 31 Ave (MP 5.003) & NW 27 Ave (MP 5.534),86110000.0,12-24614-860487,2013,54500,860487.0,Florida,12-24614-860487,,56500.0,57500.0,59500.0,56500.0,58000.0,54500.0,60000.0,53500.0,56000.0,54000.0,57000.0,54500.0,56500.0,59500.0,
89,SR-7 At Riverland Rd. (MP 8.00 to MP 8.52),2010.0,8934,,,FL,No Tolls on 1+ lane,53800,2012.0,1-Opening Year,2010.0,1-State DOT,"1-Traffic count trend, 4-Regional travel model",SR-7 At Riverland Rd. (MP 8.00 to MP 8.52),12-8934--SR-7 At Riverland Rd. (MP 8.00 to MP 8.52),86100000.0,12-24616-860010,2012,50500,860010.0,Florida,12-24616-860010,,50000.0,50000.0,51500.0,51500.0,53000.0,53500.0,47500.0,50000.0,57500.0,51000.0,50500.0,50500.0,48500.0,47000.0,
90,SR-9/ I-95 from S. of Linton Blvd to S. of Boyton Beach Blvd (MP 7.600 to MP 14.400),2010.0,8935,,,FL,No Tolls on 1+ lane,197400,2010.0,1-Opening Year,2010.0,1-State DOT,"1-Traffic count trend, 4-Regional travel model",SR-9/ I-95 from S. of Linton Blvd to S. of Boyton Beach Blvd (MP 7.600 to MP 14.400),12-8935--SR-9/ I-95 from S. of Linton Blvd to S. of Boyton Beach Blvd (MP 7.600 to MP 14.400),93220000.0,12-24617-930198,2010,173372,930198.0,Florida,12-24617-930198,,159000.0,,,,164223.0,167576.0,163656.0,167060.0,173372.0,173500.0,174498.0,181062.0,186390.0,195661.0,
92,SR-9 South of Golf Rd (MP 11.498) to Gateway Blvd (MP 15.174),2010.0,8937,,,FL,No Tolls on 1+ lane,196600,2013.0,1-Opening Year,2010.0,1-State DOT,"1-Traffic count trend, 4-Regional travel model",SR-9 South of Golf Rd (MP 11.498) to Gateway Blvd (MP 15.174),12-8937--SR-9 South of Golf Rd (MP 11.498) to Gateway Blvd (MP 15.174),93220000.0,12-24619-930198,2013,181062,930198.0,Florida,12-24619-930198,,159000.0,,,,164223.0,167576.0,163656.0,167060.0,173372.0,173500.0,174498.0,181062.0,186390.0,195661.0,
94,SR-7 at Southgate Blvd,2010.0,8936,,,FL,No Tolls on 1+ lane,53500,2013.0,1-Opening Year,2010.0,1-State DOT,"1-Traffic count trend, 4-Regional travel model",SR-7 at Southgate Blvd,12-8936--SR-7 at Southgate Blvd,86100000.0,12-24618-860426,2013,47500,860426.0,Florida,12-24618-860426,,45000.0,49500.0,51000.0,46000.0,49500.0,48000.0,45000.0,45500.0,39500.0,44500.0,49500.0,47500.0,47500.0,47500.0,
95,SR-76 from East of the Bridge over the South Fork of the St. Lucie River to SW Cabana Point Circle,2010.0,8938,,,FL,No Tolls on 1+ lane,44100,2014.0,1-Opening Year,2010.0,1-State DOT,1-Traffic count trend,SR-76 from East of the Bridge over the South Fork of the St. Lucie River to SW Cabana Point Circle,12-8938--SR-76 from East of the Bridge over the South Fork of the St. Lucie River to SW Cabana Point Circle,89060000.0,12-24620-890106,2014,28500,890106.0,Florida,12-24620-890106,,31500.0,31500.0,29500.0,37500.0,34500.0,46000.0,44500.0,43000.0,46500.0,46500.0,22000.0,44000.0,28500.0,37500.0,
96,SR -808/ Glades Road from SR-7/ US 441 to E of Lyons Road (MP 0.000 to MP 1.180),2010.0,8939,,,FL,No Tolls on 1+ lane,42000,2015.0,1-Opening Year,2010.0,1-State DOT,1-Traffic count trend,SR -808/ Glades Road from SR-7/ US 441 to E of Lyons Road (MP 0.000 to MP 1.180),12-8939--SR -808/ Glades Road from SR-7/ US 441 to E of Lyons Road (MP 0.000 to MP 1.180),93004000.0,12-24621-930036,2015,46800,930036.0,Florida,12-24621-930036,,47500.0,45500.0,46000.0,45000.0,43500.0,33500.0,35000.0,37500.0,37000.0,37000.0,36000.0,36500.0,40000.0,41500.0,
97,SR- 5/ US 1 from SW Mizner Blvd/ SE 5th Street (MP 1.434) to SR-808/ Glades Road (mp 2.691),2010.0,8940,,,FL,No Tolls on 1+ lane,25000,2013.0,1-Opening Year,2010.0,1-State DOT,1-Traffic count trend,SR- 5/ US 1 from SW SE 3th Street to Palmetto park Road,12-8940--SR- 5/ US 1 from SW Mizner Blvd/ SE 5th Street (MP 1.434) to SR-808/ Glades Road (mp 2.691),93010000.0,12-24622-935003,2013,25500,935003.0,Florida,12-24622-935003,,23000.0,23000.0,21500.0,20900.0,23500.0,18400.0,26000.0,18500.0,21700.0,25000.0,25500.0,25500.0,18200.0,26000.0,
98,SR-510 from US-1 to SR A1A Mill and Resurface,2010.0,8941,,,FL,No Tolls on 1+ lane,16200,2014.0,1-Opening Year,2010.0,1-State DOT,1-Traffic count trend,SR-510 from US-1 to SR A1A,12-8941--SR-510 from US-1 to SR A1A Mill and Resurface,88050000.0,12-24623-880108,2014,11900,880108.0,Florida,12-24623-880108,,10200.0,10000.0,10800.0,12400.0,12200.0,11900.0,9200.0,10300.0,11700.0,11500.0,11900.0,11900.0,11900.0,13200.0,
99,Kingfisher Boulevard (NW 23 Avenue) from NE 31 Court to NW 32 Court,2011.0,8942,,,FL,No Tolls on 1+ lane,4200,2014.0,1-Opening Year,2011.0,1-State DOT,4-Regional travel model,kingfisher Boulevard (NW 23 Avenue) from NE 31 Court to NW 32 Court,12-8942--Kingfisher Boulevard (NW 23 Avenue) from NE 31 Court to NW 32 Court,86230000.0,12-24624-869716,2014,5100,869716.0,Florida,12-24624-869716,,,,,6500.0,7100.0,7000.0,6700.0,5000.0,4900.0,5000.0,5100.0,5100.0,5100.0,7900.0,1
100,SR 812 (Lantana) from Sunset Road to Publix Entrance,2011.0,8943,,,FL,No Tolls on 1+ lane,41600,2014.0,1-Opening Year,2011.0,1-State DOT,"1-Traffic count trend, 4-Regional travel model",SR 812 (Lantana) from Sunset Road to Publix Entrance,12-8943--SR 812 (Lantana) from Sunset Road to Publix Entrance,93220000.0,12-24625-930076,2014,38500,930076.0,Florida,12-24625-930076,,36500.0,40500.0,41500.0,39000.0,40500.0,42000.0,41000.0,41000.0,43000.0,38000.0,43500.0,38500.0,38500.0,45500.0,1
101,SR 9 (I-95) S and N of SW 10 Street and I-95 Ramps at SW 10 Street,2011.0,8945,,,FL,No Tolls on 1+ lane,230500,2015.0,1-Opening Year,2011.0,1-State DOT,6-Unknown Methodology,I-95 North of SW 10 Street,12-8945--SR 9 (I-95) S and N of SW 10 Street and I-95 Ramps at SW 10 Street,86070000.0,12-24627-862506,2015,211100,862506.0,Florida,12-24627-862506,,210000.0,206000.0,209000.0,207000.0,207000.0,207000.0,192500.0,205000.0,214000.0,205000.0,196000.0,215000.0,217000.0,221000.0,
103,SR 9/I 95 at 10th St. (MP 23.050),2013.0,8996,,,FL,No Tolls on 1+ lane,231000,2015.0,1-Opening Year,2013.0,1-State DOT,4-Regional travel model,I 95 north of SW 10th St.,12-8996--SR 9/I 95 at 10th St. (MP 23.050),86070000.0,12-24678-862506,2015,211100,862506.0,Florida,12-24678-862506,,210000.0,206000.0,209000.0,207000.0,207000.0,207000.0,192500.0,205000.0,214000.0,205000.0,196000.0,215000.0,217000.0,221000.0,
105,SR 9 (I-95) S and N of SW 10 Street and I-95 Ramps at SW 10 Street,2011.0,8946,,,FL,No Tolls on 1+ lane,209700,2015.0,1-Opening Year,2011.0,1-State DOT,6-Unknown Methodology,I-95 South of SW 10 Street,12-8946--SR 9 (I-95) S and N of SW 10 Street and I-95 Ramps at SW 10 Street,86070000.0,12-24628-860163,2015,202000,860163.0,Florida,12-24628-860163,,198765.0,200460.0,200188.0,200061.0,207000.0,197255.0,191033.0,190939.0,194657.0,193478.0,192443.0,195961.0,198189.0,204150.0,
107,SR 9/I 95 at 10th St. (MP 23.050),2013.0,8997,,,FL,No Tolls on 1+ lane,210000,2015.0,1-Opening Year,2013.0,1-State DOT,4-Regional travel model,I 95 south of SW 10th St.,12-8997--SR 9/I 95 at 10th St. (MP 23.050),86070000.0,12-24679-860163,2015,224000,860163.0,Florida,12-24679-860163,,198765.0,200460.0,200188.0,200061.0,207000.0,197255.0,191033.0,190939.0,194657.0,193478.0,192443.0,195961.0,198189.0,204150.0,
109,SR 9 (I-95) S and N of SW 10 Street and I-95 Ramps at SW 10 Street,2011.0,8947,,,FL,No Tolls on 1+ lane,15400,2015.0,1-Opening Year,2011.0,1-State DOT,6-Unknown Methodology,I-95 Northbound Off Ramp to SW 10 Street,12-8947--SR 9 (I-95) S and N of SW 10 Street and I-95 Ramps at SW 10 Street,86070000.0,12-24629-864080,2015,15900,864080.0,Florida,12-24629-864080,,,14000.0,,,,,,15000.0,15000.0,12000.0,12000.0,11500.0,11500.0,15500.0,
110,SR 9 (I-95) S and N of SW 10 Street and I-95 Ramps at SW 10 Street,2011.0,8948,,,FL,No Tolls on 1+ lane,13700,2015.0,1-Opening Year,2011.0,1-State DOT,"1-Traffic count trend, 4-Regional travel model",I-95 Northbound On Ramp from SW 10 Street,12-8948--SR 9 (I-95) S and N of SW 10 Street and I-95 Ramps at SW 10 Street,86070000.0,12-24630-864081,2015,18500,864081.0,Florida,12-24630-864081,,,13000.0,,,,,,13000.0,13000.0,12500.0,12500.0,15500.0,15500.0,18000.0,3
111,SR 9 (I-95) S and N of SW 10 Street and I-95 Ramps at SW 10 Street,2011.0,8949,,,FL,No Tolls on 1+ lane,14200,2015.0,1-Opening Year,2011.0,1-State DOT,"1-Traffic count trend, 4-Regional travel model",I-95 Southbound Off Ramp to SW 10 Street,12-8949--SR 9 (I-95) S and N of SW 10 Street and I-95 Ramps at SW 10 Street,86070000.0,12-24631-864082,2015,14000,864082.0,Florida,12-24631-864082,,,13500.0,,,,,,13500.0,13500.0,13500.0,13500.0,13500.0,13500.0,13500.0,3
112,SR 9 (I-95) S and N of SW 10 Street and I-95 Ramps at SW 10 Street,2011.0,8950,,,FL,No Tolls on 1+ lane,17900,2015.0,1-Opening Year,2011.0,1-State DOT,"1-Traffic count trend, 4-Regional travel model",I-95 Southbound On Ramp from SW 10 Street,12-8950--SR 9 (I-95) S and N of SW 10 Street and I-95 Ramps at SW 10 Street,86070000.0,12-24632-864083,2015,14700,864083.0,Florida,12-24632-864083,,,15500.0,,,,,,17000.0,17000.0,13500.0,13500.0,17000.0,17000.0,14000.0,
113,SR 822 (Sheridan Street) from CSX Railroad (MP 2.540) to west of N 26th Avenue (MP 3.012) including NB/SB I-95 Off-Ramps,2011.0,8952,,,FL,No Tolls on 1+ lane,18500,2013.0,1-Opening Year,2011.0,1-State DOT,"1-Traffic count trend, 4-Regional travel model",I-95 NB Off-Ramp at Sheridan St,12-8952--SR 822 (Sheridan Street) from CSX Railroad (MP 2.540) to west of N 26th Avenue (MP 3.012) including NB/SB I-95 Off-Ramps,86070000.0,12-24634-864012,2013,16000,864012.0,Florida,12-24634-864012,,,18500.0,,,,,,17500.0,17500.0,15500.0,15500.0,16000.0,16000.0,16000.0,1
114,SR 822 (Sheridan Street) from CSX Railroad (MP 2.540) to west of N 26th Avenue (MP 3.012) including NB/SB I-95 Off-Ramps,2011.0,8953,,,FL,No Tolls on 1+ lane,20100,2013.0,1-Opening Year,2011.0,1-State DOT,"1-Traffic count trend, 4-Regional travel model",I-95 SB Off-Ramp at Sheridan St,12-8953--SR 822 (Sheridan Street) from CSX Railroad (MP 2.540) to west of N 26th Avenue (MP 3.012) including NB/SB I-95 Off-Ramps,86070000.0,12-24635-864014,2013,17000,864014.0,Florida,12-24635-864014,,,17500.0,,,,,,19000.0,19000.0,14500.0,14500.0,17000.0,17000.0,15500.0,1
115,SR-848/ Stirling Rd from E. of SR-817/ University Dr to E. of SR-7,2011.0,8954,,,FL,No Tolls on 1+ lane,37000,2015.0,1-Opening Year,2011.0,1-State DOT,1-Traffic count trend,East of Universty Drive to Davie Road,12-8954--SR-848/ Stirling Rd from E. of SR-817/ University Dr to E. of SR-7,86016000.0,12-24636-860028,2015,36200,860028.0,Florida,12-24636-860028,,29500.0,32000.0,30000.0,29000.0,30500.0,33000.0,34000.0,32500.0,32500.0,30000.0,33500.0,32500.0,34500.0,31500.0,1
116,CR-68/ Orange Ave from Graves Road to SR 713/ Kings Hwy-Loc 1,2011.0,8956,,,FL,No Tolls on 1+ lane,3100,2014.0,1-Opening Year,2011.0,1-State DOT,"1-Traffic count trend, 4-Regional travel model",CR-68/ Orange Ave from Graves Road to Florida TPK,12-8956--CR-68/ Orange Ave from Graves Road to SR 713/ Kings Hwy-Loc 1,94070000.0,12-24638-940144,2014,3221,940144.0,Florida,12-24638-940144,,2559.0,2632.0,2951.0,2874.0,2924.0,2931.0,2645.0,2575.0,2426.0,2260.0,2319.0,2308.0,2321.0,2410.0,1
118,CR-68/ Orange Ave from Graves Road to SR 713/ Kings Hwy-Loc 2,2011.0,8957,,,FL,No Tolls on 1+ lane,14000,2014.0,1-Opening Year,2011.0,1-State DOT,"1-Traffic count trend, 4-Regional travel model",CR-68/ Orange Ave from Florida TPK to SR-713/ Kings Hwy,12-8957--CR-68/ Orange Ave from Graves Road to SR 713/ Kings Hwy-Loc 2,94070000.0,12-24639-940144,2014,3221,940144.0,Florida,12-24639-940144,,2559.0,2632.0,2951.0,2874.0,2924.0,2931.0,2645.0,2575.0,2426.0,2260.0,2319.0,2308.0,2321.0,2410.0,1
120,SR 809 Military Trial from Lake Worth Road to South of SR 80 (MP 20.360 to MP 24.200),2011.0,8958,,,FL,No Tolls on 1+ lane,45800,2015.0,1-Opening Year,2011.0,1-State DOT,"1-Traffic count trend, 4-Regional travel model",SR 809 Military Trial from Lake Worth Road to South of SR 80 (MP 20.360 to MP 24.200),12-8958--SR 809 Military Trial from Lake Worth Road to South of SR 80 (MP 20.360 to MP 24.200),93070000.0,12-24640-930722,2015,51000,930722.0,Florida,12-24640-930722,,,,,,,,,,42000.0,39500.0,40500.0,42500.0,45500.0,47000.0,
121,SR-811/ Dixie Hwy from S. of McNab (MP 5.445) to Atlantic Blvd (MP 6.92),2011.0,8959,,,FL,No Tolls on 1+ lane,12000,2013.0,1-Opening Year,2011.0,1-State DOT,"1-Traffic count trend, 4-Regional travel model",from South of McNAB Road (MP 5.445) to (MP 6.783) NB one way,12-8959--SR-811/ Dixie Hwy from S. of McNab (MP 5.445) to Atlantic Blvd (MP 6.92),86170000.0,12-24641-865334,2013,11000,865334.0,Florida,12-24641-865334,,11000.0,10500.0,11000.0,11500.0,11500.0,11000.0,12000.0,10500.0,10000.0,9500.0,10000.0,11000.0,11000.0,10500.0,1
122,SR-811/ Dixie Hwy from S. of McNab (MP 5.445) to Atlantic Blvd (MP 6.92),2011.0,8960,,,FL,No Tolls on 1+ lane,25200,2013.0,1-Opening Year,2011.0,1-State DOT,"1-Traffic count trend, 4-Regional travel model",From N of SW 3 Street (MP 6.783) to Atlantic Blvd (MP 6.920) TWO way,12-8960--SR-811/ Dixie Hwy from S. of McNab (MP 5.445) to Atlantic Blvd (MP 6.92),86170000.0,12-24642-860025,2013,24000,860025.0,Florida,12-24642-860025,,24000.0,24500.0,25000.0,25500.0,24500.0,25000.0,25000.0,23000.0,21500.0,24000.0,23000.0,24000.0,25000.0,25500.0,1
123,SR-811/ Dixie Hwy from S. of McNab (MP 5.445) to Atlantic Blvd (MP 6.92),2011.0,8961,,,FL,No Tolls on 1+ lane,12200,2013.0,1-Opening Year,2011.0,1-State DOT,"1-Traffic count trend, 4-Regional travel model",from South of McNAB Road (MP 5.445) to (MP 6.783) SB one way,12-8961--SR-811/ Dixie Hwy from S. of McNab (MP 5.445) to Atlantic Blvd (MP 6.92),86170000.0,12-24643-865335,2013,9800,865335.0,Florida,12-24643-865335,,10500.0,11000.0,11000.0,11500.0,11500.0,11500.0,12000.0,9700.0,10500.0,9600.0,10500.0,9800.0,11000.0,11000.0,1
124,SR-5 from N. of Midway Rd (8.470) to Edwards Rd (MP 10.780),2011.0,8962,,,FL,No Tolls on 1+ lane,35800,2015.0,1-Opening Year,2011.0,1-State DOT,"1-Traffic count trend, 4-Regional travel model",SR-5 from N. of Midway Rd (8.470) to Edwards Rd (MP 10.780),12-8962--SR-5 from N. of Midway Rd (8.470) to Edwards Rd (MP 10.780),94010000.0,12-24644-940020,2015,29000,940020.0,Florida,12-24644-940020,,37000.0,37000.0,36000.0,39000.0,39000.0,39000.0,,27000.0,28000.0,28000.0,32000.0,28500.0,29000.0,29000.0,
125,SR-5 from N. of Midway Rd (8.470) to Edwards Rd (MP 10.780),2011.0,8963,,,FL,No Tolls on 1+ lane,36700,2015.0,1-Opening Year,2011.0,1-State DOT,"1-Traffic count trend, 4-Regional travel model",SR-5 from N. of Midway Rd (8.470) to Edwards Rd (MP 10.780),12-8963--SR-5 from N. of Midway Rd (8.470) to Edwards Rd (MP 10.780),94010000.0,12-24645-940012,2015,30100,940012.0,Florida,12-24645-940012,,37500.0,38000.0,39000.0,37500.0,38500.0,45000.0,34000.0,33000.0,32000.0,29000.0,34000.0,30000.0,28000.0,30000.0,
126,SR-7 from Holmberg Rd/ Johnson Rd (MP 23.400) to Palm Beach County Line (MP 24.590),2011.0,8964,,,FL,No Tolls on 1+ lane,54300,2013.0,1-Opening Year,2011.0,1-State DOT,"1-Traffic count trend, 4-Regional travel model",SR-7 from Holmberg Rd/ Johnson Rd (MP 23.400) to Palm Beach County Line (MP 24.590),12-8964--SR-7 from Holmberg Rd/ Johnson Rd (MP 23.400) to Palm Beach County Line (MP 24.590),86100000.0,12-24646-860005,2013,56500,860005.0,Florida,12-24646-860005,,54500.0,54000.0,52500.0,54000.0,55500.0,55500.0,55000.0,55500.0,50000.0,46500.0,54500.0,56500.0,55500.0,55000.0,
127,SR-7 from Holmberg Rd/ Johnson Rd (MP 23.400) to Palm Beach County Line (MP 24.590),2011.0,8965,,,FL,No Tolls on 1+ lane,51400,2013.0,1-Opening Year,2011.0,1-State DOT,"1-Traffic count trend, 4-Regional travel model",SR-7 from Holmberg Rd/ Johnson Rd (MP 23.400) to Palm Beach County Line (MP 24.590),12-8965--SR-7 from Holmberg Rd/ Johnson Rd (MP 23.400) to Palm Beach County Line (MP 24.590),86100000.0,12-24647-860123,2013,54005,860123.0,Florida,12-24647-860123,,48500.0,52000.0,49000.0,49500.0,48000.0,47500.0,51000.0,44500.0,47500.0,44500.0,45000.0,43000.0,45500.0,47500.0,
128,SR-25/ US 27 from (MP 11.916 to MP 16.050),2011.0,8966,,,FL,No Tolls on 1+ lane,9000,2012.0,1-Opening Year,2011.0,1-State DOT,"1-Traffic count trend, 4-Regional travel model",SR-25/ US 27 from (MP 11.916 to MP 16.050),12-8966--SR-25/ US 27 from (MP 11.916 to MP 16.050),93160000.0,12-24648-930421,2012,7300,930421.0,Florida,12-24648-930421,,,,,,,,,,7100.0,7000.0,7300.0,8200.0,9200.0,7900.0,1
129,SR-5/ US-1 from Palm Beach/ Martin County Line (MP 0.000) to (MP 5.030) at the pavement Seam,2011.0,8967,,,FL,No Tolls on 1+ lane,20500,2014.0,1-Opening Year,2011.0,1-State DOT,"1-Traffic count trend, 4-Regional travel model",SR-5/ US-1 from Palm Beach/ Martin County Line (MP 0.000) to (MP 5.030) at the pavement Seam,12-8967--SR-5/ US-1 from Palm Beach/ Martin County Line (MP 0.000) to (MP 5.030) at the pavement Seam,89010000.0,12-24649-899921,2014,16800,899921.0,Florida,12-24649-899921,,17712.0,17659.0,17837.0,18152.0,17701.0,17782.0,17208.0,17043.0,16702.0,16557.0,16347.0,16620.0,16800.0,17000.0,1
130,SR-80 from SR-15 (MP 0.000) to rail Road Tracks MP 3.440),2011.0,8969,,,FL,No Tolls on 1+ lane,11800,2015.0,1-Opening Year,2011.0,1-State DOT,1-Traffic count trend,SR-80 from SR-15 (MP 0.000) to rail Road Tracks MP 3.440),12-8969--SR-80 from SR-15 (MP 0.000) to rail Road Tracks MP 3.440),93110001.0,12-24651-930035,2015,13600,930035.0,Florida,12-24651-930035,,12300.0,12500.0,12000.0,11600.0,10800.0,12700.0,12700.0,14300.0,13800.0,13700.0,12600.0,14700.0,12600.0,14400.0,1
131,SR-805 at 12th Avenue South,2011.0,8970,,,FL,No Tolls on 1+ lane,13000,2015.0,1-Opening Year,2011.0,1-State DOT,"1-Traffic count trend, 4-Regional travel model",SR-805 at 12th Avenue South,12-8970--SR-805 at 12th Avenue South,93050000.0,12-24652-930668,2015,18700,930668.0,Florida,12-24652-930668,,14100.0,14300.0,14900.0,15100.0,16300.0,14100.0,13700.0,11100.0,10700.0,11900.0,12400.0,12500.0,13000.0,16900.0,
132,SR-5/ US 1 from SR-842/ Broward Blvd (MP 0.000) to NE 17th Way (MP 1.830),2011.0,8971,,,FL,No Tolls on 1+ lane,41500,2014.0,1-Opening Year,2011.0,1-State DOT,"1-Traffic count trend, 4-Regional travel model",SR-5/ US 1 from SR-842/ South of Sunrise,12-8971--SR-5/ US 1 from SR-842/ Broward Blvd (MP 0.000) to NE 17th Way (MP 1.830),86020000.0,12-24653-865157,2014,40500,865157.0,Florida,12-24653-865157,,45500.0,44000.0,42000.0,41000.0,40000.0,41000.0,43000.0,40500.0,35500.0,33500.0,38500.0,40000.0,40500.0,37000.0,1
133,SR-5/ US 1 from SR-842/ Broward Blvd (MP 0.000) to NE 17th Way (MP 1.830),2011.0,8972,,,FL,No Tolls on 1+ lane,60500,2014.0,1-Opening Year,2011.0,1-State DOT,"1-Traffic count trend, 4-Regional travel model",Sunrise Blvd East of SR-5/ US 1,12-8972--SR-5/ US 1 from SR-842/ Broward Blvd (MP 0.000) to NE 17th Way (MP 1.830),86020000.0,12-24654-860209,2014,52000,860209.0,Florida,12-24654-860209,,54000.0,57000.0,59000.0,59500.0,60000.0,57500.0,60000.0,55000.0,59500.0,55500.0,47500.0,55500.0,52000.0,52000.0,1
134,SR 858 from E of SR 7 (MP 0.233) to W of Lake Shore Blvd. (MP 2.176),2011.0,8973,,,FL,No Tolls on 1+ lane,30700,2015.0,1-Opening Year,2011.0,1-State DOT,"1-Traffic count trend, 4-Regional travel model",SR 858 fm E of SR 7 (MP 0.233) to W of Lake Shore Blvd. (MP 2.176),12-8973--SR 858 from E of SR 7 (MP 0.233) to W of Lake Shore Blvd. (MP 2.176),86200.0,12-24655-865303,2015,35000,865303.0,Florida,12-24655-865303,,34500.0,34000.0,31000.0,32500.0,30500.0,34500.0,27500.0,28000.0,28500.0,29000.0,31000.0,31000.0,31000.0,32500.0,
135,SR-715 from W. Canal St. (MP 2.090) to SR-15 (MP 12.070),2011.0,8974,,,FL,No Tolls on 1+ lane,11000,2015.0,1-Opening Year,2011.0,1-State DOT,"1-Traffic count trend, 4-Regional travel model",South of SR 717/Canal Street,12-8974--SR-715 from W. Canal St. (MP 2.090) to SR-15 (MP 12.070),93290000.0,12-24656-930078,2015,9900,930078.0,Florida,12-24656-930078,,10200.0,10900.0,10600.0,10500.0,11400.0,11300.0,9700.0,10900.0,9500.0,9900.0,9700.0,9600.0,9600.0,10000.0,
136,SR-715 from W. Canal St. (MP 2.090) to SR-15 (MP 12.070),2011.0,8975,,,FL,No Tolls on 1+ lane,8100,2015.0,1-Opening Year,2011.0,1-State DOT,"1-Traffic count trend, 4-Regional travel model",South of SR-812/Hooker Highway,12-8975--SR-715 from W. Canal St. (MP 2.090) to SR-15 (MP 12.070),93290000.0,12-24657-930257,2015,5200,930257.0,Florida,12-24657-930257,,7200.0,6963.0,7445.0,8755.0,8766.0,6364.0,5849.0,5976.0,5839.0,5411.0,5292.0,5254.0,5219.0,5299.0,
137,SR-715 from W. Canal St. (MP 2.090) to SR-15 (MP 12.070),2011.0,8976,,,FL,No Tolls on 1+ lane,6400,2015.0,1-Opening Year,2011.0,1-State DOT,"1-Traffic count trend, 4-Regional travel model",North of Airport Loop Road.,12-8976--SR-715 from W. Canal St. (MP 2.090) to SR-15 (MP 12.070),93290000.0,12-24658-930506,2015,3400,930506.0,Florida,12-24658-930506,,5900.0,6400.0,6700.0,6900.0,9400.0,5300.0,6500.0,3700.0,3700.0,3000.0,3200.0,3200.0,3100.0,3300.0,
138,SR 817 at Nova Drive (MP 8.129),2012.0,8977,,,FL,No Tolls on 1+ lane,53600,2015.0,1-Opening Year,2012.0,1-State DOT,"1-Traffic count trend, 4-Regional travel model",SR 817 at Nova Drive (MP 8.129),12-8977--SR 817 at Nova Drive (MP 8.129),86220000.0,12-24659-860114,2015,54500,860114.0,Florida,12-24659-860114,,54000.0,52500.0,52500.0,50500.0,53500.0,50000.0,50000.0,52500.0,54000.0,54500.0,56000.0,47500.0,52500.0,50500.0,2
139,SR 845/Powerline Rd. from N of 19th St. (MP 1.250) to NW 29th St. (MP 1.800),2012.0,8978,,,FL,No Tolls on 1+ lane,26700,2015.0,1-Opening Year,2012.0,1-State DOT,4-Regional travel model,SR 845/Powerline Rd. from N of 19th St. (MP 1.250) to NW 29th St. (MP 1.800),12-8978--SR 845/Powerline Rd. from N of 19th St. (MP 1.250) to NW 29th St. (MP 1.800),86065000.0,12-24660-860438,2015,24600,860438.0,Florida,12-24660-860438,,29000.0,27000.0,26000.0,27000.0,26000.0,25000.0,22000.0,23500.0,26000.0,24000.0,23000.0,25500.0,24000.0,23500.0,1
140,SR 818/Griffin Rd. from (MP 6.176) to (MP 6.276),2012.0,8979,,,FL,No Tolls on 1+ lane,33200,2014.0,1-Opening Year,2012.0,1-State DOT,4-Regional travel model,SR 818/Griffin Rd. from (MP 6.176) to (MP 6.276),12-8979--SR 818/Griffin Rd. from (MP 6.176) to (MP 6.276),86015000.0,12-24661-860475,2014,32500,860475.0,Florida,12-24661-860475,,22000.0,26000.0,27500.0,27500.0,30000.0,30000.0,28000.0,28000.0,30500.0,30000.0,34000.0,35000.0,32500.0,34500.0,1
141,SR A1A from Meade St. to Oak St.,2012.0,8980,,,FL,No Tolls on 1+ lane,10800,2014.0,1-Opening Year,2012.0,1-State DOT,4-Regional travel model,SR A1A from Meade St. to Oak St.,12-8980--SR A1A from Meade St. to Oak St.,86030000.0,12-24662-865169,2014,10000,865169.0,Florida,12-24662-865169,,11400.0,10400.0,10600.0,11000.0,11100.0,11600.0,11600.0,12000.0,10100.0,11500.0,10300.0,10300.0,10000.0,10300.0,1
142,SR A1A FROM Mercedes River Small (MP 0.750) to Sunrise Blvd. (MP 0.969),2012.0,8981,,,FL,No Tolls on 1+ lane,30900,2015.0,1-Opening Year,2012.0,1-State DOT,4-Regional travel model,Location # 1,12-8981--SR A1A FROM Mercedes River Small (MP 0.750) to Sunrise Blvd. (MP 0.969),86050000.0,12-24663-860429,2015,37000,860429.0,Florida,12-24663-860429,,40000.0,34500.0,32500.0,33500.0,28000.0,28000.0,36500.0,29000.0,26500.0,30000.0,31500.0,28500.0,29000.0,34500.0,1
143,SR A1A FROM Mercedes River Small (MP 0.750) to Sunrise Blvd. (MP 0.969),2012.0,8982,,,FL,No Tolls on 1+ lane,16700,2015.0,1-Opening Year,2012.0,1-State DOT,4-Regional travel model,Location # 2,12-8982--SR A1A FROM Mercedes River Small (MP 0.750) to Sunrise Blvd. (MP 0.969),86050000.0,12-24664-865291,2015,16200,865291.0,Florida,12-24664-865291,,19500.0,20000.0,19500.0,17500.0,16500.0,19000.0,19500.0,18000.0,13000.0,15500.0,14000.0,12000.0,13500.0,14500.0,1
144,SR A1A FROM Mercedes River Small (MP 0.750) to Sunrise Blvd. (MP 0.969),2012.0,8983,,,FL,No Tolls on 1+ lane,16100,2015.0,1-Opening Year,2012.0,1-State DOT,4-Regional travel model,Location # 3,12-8983--SR A1A FROM Mercedes River Small (MP 0.750) to Sunrise Blvd. (MP 0.969),86050000.0,12-24665-865025,2015,14900,865025.0,Florida,12-24665-865025,,19000.0,20500.0,20000.0,19500.0,18500.0,17500.0,16500.0,15500.0,13000.0,13000.0,12500.0,13000.0,14000.0,13500.0,1
145,SR A1A FROM Mercedes River Small (MP 0.750) to Sunrise Blvd. (MP 0.969),2012.0,8984,,,FL,No Tolls on 1+ lane,16300,2015.0,1-Opening Year,2012.0,1-State DOT,4-Regional travel model,Location # 4,12-8984--SR A1A FROM Mercedes River Small (MP 0.750) to Sunrise Blvd. (MP 0.969),86050000.0,12-24666-865290,2015,18200,865290.0,Florida,12-24666-865290,,20000.0,18500.0,19500.0,19000.0,16000.0,18000.0,17000.0,18000.0,14000.0,14000.0,13000.0,17000.0,12500.0,16500.0,1
146,SR A1A FROM Mercedes River Small (MP 0.750) to Sunrise Blvd. (MP 0.969),2012.0,8985,,,FL,No Tolls on 1+ lane,15800,2015.0,1-Opening Year,2012.0,1-State DOT,4-Regional travel model,Location # 5,12-8985--SR A1A FROM Mercedes River Small (MP 0.750) to Sunrise Blvd. (MP 0.969),86050000.0,12-24667-865390,2015,16000,865390.0,Florida,12-24667-865390,,17500.0,15500.0,16000.0,17000.0,15500.0,18000.0,19000.0,15500.0,15500.0,14000.0,14500.0,14500.0,13500.0,14500.0,1
147,SR A1A FROM Mercedes River Small (MP 0.750) to Sunrise Blvd. (MP 0.969),2012.0,8986,,,FL,No Tolls on 1+ lane,32200,2015.0,1-Opening Year,2012.0,1-State DOT,4-Regional travel model,Location # 6,12-8986--SR A1A FROM Mercedes River Small (MP 0.750) to Sunrise Blvd. (MP 0.969),86050000.0,12-24668-860451,2015,33900,860451.0,Florida,12-24668-860451,,35000.0,35000.0,36500.0,35000.0,34000.0,31500.0,29500.0,30500.0,28500.0,27500.0,29500.0,31000.0,28000.0,30500.0,1
148,SR 810 (Hillsboro Boulevard fro Military Trial to US 1,2012.0,8987,,,FL,No Tolls on 1+ lane,48600,2015.0,1-Opening Year,2012.0,1-State DOT,"1-Traffic count trend, 4-Regional travel model",Military Trail to SR 811 Dixie Highway,12-8987--SR 810 (Hillsboro Boulevard fro Military Trial to US 1,86120000.0,12-24669-860008,2015,45600,860008.0,Florida,12-24669-860008,,60500.0,63000.0,58500.0,59500.0,59500.0,50500.0,49500.0,52500.0,47500.0,53500.0,55500.0,55500.0,51000.0,51000.0,
149,SR 810 (Hillsboro Boulevard fro Military Trial to US 2,2012.0,8988,,,FL,No Tolls on 1+ lane,35300,2015.0,1-Opening Year,2012.0,1-State DOT,"1-Traffic count trend, 4-Regional travel model",SR 811 Dixie Highway to US 1,12-8988--SR 810 (Hillsboro Boulevard fro Military Trial to US 2,86120000.0,12-24670-860233,2015,28100,860233.0,Florida,12-24670-860233,,35000.0,36500.0,38000.0,38500.0,34000.0,36000.0,38500.0,35000.0,34500.0,32000.0,36500.0,31500.0,27000.0,29000.0,
150,SR 812/Hooker Highway from MP 0.00 to MP 0.785,2012.0,8989,,,FL,No Tolls on 1+ lane,6700,2014.0,1-Opening Year,2012.0,1-State DOT,4-Regional travel model,SR 812/Hooker Highway from MP 0.00 to MP 0.785,12-8989--SR 812/Hooker Highway from MP 0.00 to MP 0.785,93121000.0,12-24671-930765,2014,3600,930765.0,Florida,12-24671-930765,,,,,,3300.0,3300.0,4000.0,4200.0,4100.0,4900.0,4200.0,4500.0,3600.0,4100.0,1
151,SR 80/Hooker Highway from Railroad Crossing (MP 3.446) to CR 880 (MP 18.210),2012.0,8990,,,FL,No Tolls on 1+ lane,10500,2015.0,1-Opening Year,2012.0,1-State DOT,6-Unknown Methodology,SR 80 from Railroad Crossing (MP 3.446) to Connors Highway (MP 13.372),12-8990--SR 80/Hooker Highway from Railroad Crossing (MP 3.446) to CR 880 (MP 18.210),93110001.0,12-24672-930764,2015,9300,930764.0,Florida,12-24672-930764,,7700.0,7900.0,8200.0,8500.0,8700.0,8500.0,8800.0,8500.0,11600.0,7700.0,8500.0,10200.0,8800.0,9000.0,1
153,SR 80/Hooker Highway from Railroad Crossing (MP 3.446) to CR 880 (MP 18.210),2012.0,8991,,,FL,No Tolls on 1+ lane,14500,2015.0,1-Opening Year,2012.0,1-State DOT,6-Unknown Methodology,SR 80 from Connors Highway (MP 13.372) to CR 880 (MP 18.210),12-8991--SR 80/Hooker Highway from Railroad Crossing (MP 3.446) to CR 880 (MP 18.210),93110001.0,12-24673-930764,2015,9300,930764.0,Florida,12-24673-930764,,7700.0,7900.0,8200.0,8500.0,8700.0,8500.0,8800.0,8500.0,11600.0,7700.0,8500.0,10200.0,8800.0,9000.0,1
155,SR A1A from NE 14th Court (MP 3.850) to NE 18th Street (MP 4.320),2012.0,8992,,,FL,No Tolls on 1+ lane,30300,2013.0,1-Opening Year,2012.0,1-State DOT,"1-Traffic count trend, 4-Regional travel model",SR A1A from NE 14th Court (MP 3.850) to NE 18th Street (MP 4.320),12-8992--SR A1A from NE 14th Court (MP 3.850) to NE 18th Street (MP 4.320),86050000.0,12-24674-860106,2013,19100,860106.0,Florida,12-24674-860106,,33500.0,35000.0,32500.0,32500.0,28500.0,28500.0,29500.0,32000.0,25500.0,26000.0,27500.0,19100.0,18900.0,22000.0,1
156,SR 842 from 24th Ave. to 7th Ave,2012.0,8994,,,FL,No Tolls on 1+ lane,57900,2015.0,1-Opening Year,2012.0,1-State DOT,4-Regional travel model,Locaion # 2,12-8994--SR 842 from 24th Ave. to 7th Ave,86006000.0,12-24676-860200,2015,61900,860200.0,Florida,12-24676-860200,,55000.0,58500.0,56500.0,56500.0,58500.0,60500.0,60500.0,55000.0,50500.0,57000.0,56500.0,51000.0,59000.0,59000.0,1
157,"SR 842 Broward Boulevard/University
Drive",2013.0,8995,,,FL,No Tolls on 1+ lane,57700,2015.0,1-Opening Year,2013.0,1-State DOT,2-Population growth rates,"SR 842 Broward Boulevard/University
Drive","12-8995--SR 842 Broward Boulevard/University
Drive",86006000.0,12-24677-860222,2015,45000,860222.0,Florida,12-24677-860222,,57530.0,61120.0,61877.0,64500.0,67000.0,56877.0,55539.0,55337.0,57676.0,57842.0,56921.0,57385.0,56604.0,57500.0,2
158,SR 869/SW 10th St. from Military trail (MP 1.427) to Natura Blvd (MP 2.152),2013.0,8998,,,FL,No Tolls on 1+ lane,52800,2015.0,1-Opening Year,2013.0,1-State DOT,4-Regional travel model,Location # 1,12-8998--SR 869/SW 10th St. from Military trail (MP 1.427) to Natura Blvd (MP 2.152),89012000.0,12-24680-863015,2015,52800,863015.0,Florida,12-24680-863015,,50500.0,50500.0,51000.0,48500.0,46500.0,52500.0,44500.0,50500.0,49500.0,48000.0,48500.0,51000.0,56500.0,54500.0,6
159,SR 869/SW 10th St. from Military trail (MP 1.427) to Natura Blvd (MP 2.152),2013.0,8999,,,FL,No Tolls on 1+ lane,33200,2015.0,1-Opening Year,2013.0,1-State DOT,4-Regional travel model,Location # 2,12-8999--SR 869/SW 10th St. from Military trail (MP 1.427) to Natura Blvd (MP 2.152),89012000.0,12-24681-860070,2015,27800,860070.0,Florida,12-24681-860070,,28000.0,28500.0,27500.0,27500.0,29000.0,29000.0,32500.0,28000.0,28000.0,27000.0,26500.0,26500.0,25500.0,28000.0,6
160,SR 9/I 95 ramp (MP 0.000) to WB SR 816/Oakland Park Blvd (MP 0.131),2013.0,9000,,,FL,No Tolls on 1+ lane,12200,2015.0,1-Opening Year,2013.0,1-State DOT,1-Traffic count trend,SR 9/I 95 NB Off-ramp MP (0.000) to WB SR 816/Oakland Park Blvd (MP 0.131),12-9000--SR 9/I 95 ramp (MP 0.000) to WB SR 816/Oakland Park Blvd (MP 0.131),86070051.0,12-24682-864550,2015,13600,864550.0,Florida,12-24682-864550,,,9600.0,,,,,,12500.0,12500.0,10500.0,10500.0,10500.0,10500.0,13000.0,1
161,SR CR 611/Jenkins Rd. from 11001 South of SR 70 to 15001 North of SR 70,2013.0,9001,,,FL,No Tolls on 1+ lane,14800,2015.0,1-Opening Year,2013.0,1-State DOT,"1-Traffic count trend, 4-Regional travel model",Location # 1,12-9001--SR CR 611/Jenkins Rd. from 11001 South of SR 70 to 15001 North of SR 70,94631003.0,12-24683-947027,2015,6400,947027.0,Florida,12-24683-947027,,,,,,,,,6500.0,6500.0,6400.0,6400.0,7300.0,7300.0,7300.0,2
162,SR CR 611/Jenkins Rd. from 11001 South of SR 70 to 15001 North of SR 71,2013.0,9002,,,FL,No Tolls on 1+ lane,11200,2015.0,1-Opening Year,2013.0,1-State DOT,"1-Traffic count trend, 4-Regional travel model",Location # 2,12-9002--SR CR 611/Jenkins Rd. from 11001 South of SR 70 to 15001 North of SR 71,94631003.0,12-24684-940273,2015,8800,940273.0,Florida,12-24684-940273,,,,,,,,9100.0,8500.0,7100.0,7100.0,7100.0,9600.0,9600.0,9600.0,2
163,SR 710/SW Warfield Blvd from FPL Martin Power Plant Access Rd to CR 609/SW Allapattah Rd,2013.0,9003,,,FL,No Tolls on 1+ lane,9300,2015.0,1-Opening Year,2013.0,1-State DOT,6-Unknown Methodology,SR 710/SW Warfield Blvd from FPL Martin Power Plant Access Rd to CR 609/SW Allapattah Rd,12-9003--SR 710/SW Warfield Blvd from FPL Martin Power Plant Access Rd to CR 609/SW Allapattah Rd,89070000.0,12-24685-890030,2015,6600,890030.0,Florida,12-24685-890030,,7500.0,7700.0,7800.0,7500.0,7800.0,9600.0,8200.0,9400.0,6900.0,8700.0,7100.0,7100.0,6600.0,7100.0,3
164,SR-834 at Andrews Ave. Ext/ Military Trail (MP 7.020),2014.0,9004,,,FL,No Tolls on 1+ lane,45400,2015.0,1-Opening Year,2014.0,1-State DOT,"1-Traffic count trend, 4-Regional travel model",SR-834 at Andrews Ave. Ext/ Military Trail (MP 7.020),12-9004--SR-834 at Andrews Ave. Ext/ Military Trail (MP 7.020),86028000.0,12-24686-860255,2015,49300,860255.0,Florida,12-24686-860255,,,35387.0,37143.0,50665.0,49621.0,47314.0,46077.0,44566.0,44520.0,44483.0,44141.0,44144.0,44453.0,45693.0,2
165,SR 838/Sunrise Blvd from NE 17th Way to NE 20th Ave,2014.0,9005,,,FL,No Tolls on 1+ lane,5700,2014.0,1-Opening Year,2014.0,1-State DOT,4-Regional travel model,NE 20th Ave.,12-9005--SR 838/Sunrise Blvd from NE 17th Way to NE 20th Ave,86005000.0,12-24687-869608,2014,4900,869608.0,Florida,12-24687-869608,,,,,6200.0,7500.0,6300.0,5300.0,5200.0,5200.0,5300.0,5400.0,5400.0,5400.0,5500.0,
166,SR-84 from US-1 (MP 19.721) to S. Miami Rd (MP 19.775),2014.0,9006,,,FL,No Tolls on 1+ lane,21900,2015.0,1-Opening Year,2014.0,1-State DOT,"1-Traffic count trend, 4-Regional travel model",SR-84 from US-1 (MP 19.721) to S. Miami Rd (MP 19.775),12-9006--SR-84 from US-1 (MP 19.721) to S. Miami Rd (MP 19.775),86080000.0,12-24688-865160,2015,24000,865160.0,Florida,12-24688-865160,,,,,,16700.0,23500.0,38000.0,16000.0,14400.0,17000.0,15900.0,20000.0,14900.0,22500.0,1
167,SR 5/US 1 from 11 Street to Silver Beach Road,2008.0,8864,,,FL,No Tolls on 1+ lane,29200,2013.0,1-Opening Year,2008.0,1-State DOT,"1-Traffic count trend, 4-Regional travel model",SR 5/US 1 from 11 Street to Silver Beach Road,12-8864--SR 5/US 1 from 11 Street to Silver Beach Road,93020000.0,12-24546-930755,2013,23500,930755.0,Florida,12-24546-930755,,26000.0,27500.0,27500.0,29500.0,31000.0,30500.0,28000.0,25500.0,22500.0,23000.0,23000.0,23500.0,23500.0,21500.0,1
168,SR A1A from Azalea Terrace to (MP 4.030),2008.0,8865,,,FL,No Tolls on 1+ lane,29100,2012.0,1-Opening Year,2008.0,1-State DOT,"1-Traffic count trend, 4-Regional travel model",SR A1A from Axalea Terrace ( MP 2.011) to S. of Sheridan Street (MP 4.0),12-8865--SR A1A from Azalea Terrace to (MP 4.030),86030000.0,12-24547-865042,2012,23000,865042.0,Florida,12-24547-865042,,26000.0,22500.0,23000.0,24500.0,24500.0,23500.0,22000.0,24000.0,22500.0,20200.0,23000.0,21000.0,21500.0,24000.0,
169,SR A1A from Azalea Terrace to (MP 4.030),2008.0,8866,,,FL,No Tolls on 1+ lane,24100,2011.0,1-Opening Year,2008.0,1-State DOT,"1-Traffic count trend, 4-Regional travel model",SR A1A from Axalea Terrace ( MP 2.011) to S. of Sheridan Street (MP 4.0),12-8866--SR A1A from Azalea Terrace to (MP 4.030),86030000.0,12-24548-865166,2011,19800,865166.0,Florida,12-24548-865166,,24000.0,20500.0,22000.0,21500.0,22000.0,20500.0,20200.0,21500.0,19000.0,19800.0,21500.0,24500.0,24500.0,24000.0,
170,SR A1A from Cordova Road to Eastof Eisenhower Boulevard,2008.0,8867,,,FL,No Tolls on 1+ lane,47700,2013.0,1-Opening Year,2008.0,1-State DOT,"1-Traffic count trend, 4-Regional travel model",Cordova Road to East Eisenhower Boulevard,12-8867--SR A1A from Cordova Road to Eastof Eisenhower Boulevard,86180000.0,12-24549-865306,2013,41000,865306.0,Florida,12-24549-865306,,38000.0,39500.0,40000.0,40500.0,40000.0,39000.0,46500.0,38500.0,34000.0,36000.0,41000.0,41000.0,42000.0,39000.0,1
171,SR 708 from Old Dixie Highway to 1100 feet east of Old Dixie Highway,2008.0,8868,,,FL,No Tolls on 1+ lane,30100,2013.0,1-Opening Year,2008.0,1-State DOT,4-Regional travel model,SR 708 Blue Blvd from Dixie to US 1,12-8868--SR 708 from Old Dixie Highway to 1100 feet east of Old Dixie Highway,93012000.0,12-24550-930071,2013,16600,930071.0,Florida,12-24550-930071,,22500.0,20000.0,22000.0,22500.0,23000.0,21300.0,17900.0,18200.0,19000.0,17400.0,18300.0,16600.0,16600.0,17600.0,1
172,SR 70 Okeechobee Road Virginia Avenue from East of Jenkins Road (MP 21.600) to US 1 (MP 25.255),2008.0,8869,,,FL,No Tolls on 1+ lane,39200,2012.0,1-Opening Year,2008.0,1-State DOT,"1-Traffic count trend, 4-Regional travel model",SR 70 from Jenkins Road to Virginia Avenue,12-8869--SR 70 Okeechobee Road Virginia Avenue from East of Jenkins Road (MP 21.600) to US 1 (MP 25.255),94030000.0,12-24551-940742,2012,27000,940742.0,Florida,12-24551-940742,,29000.0,31500.0,30000.0,32500.0,35500.0,31500.0,32500.0,,,,33000.0,27000.0,30000.0,26500.0,1
