InternalProjectID,main_ProjectInformation.State,Location,Project,SegmentDescription,Count,AdjustedForecast,YearForecastProduced,Year_ofObservation,ForecastMethodology
EU1,DK,Køge Bugt Motorvejen,Hundige - Greve Syd,Motorring 3 - Vejlegårdsvej,69252.21675,72709.35961,2003,2010,4
EU2,DK,Køge Bugt Motorvejen,Hundige - Greve Syd,Vejlegårdsvej - Ishøj Stationsvej,65365.51724,84334.97537,2003,2010,4
EU3,DK,Køge Bugt Motorvejen,Hundige - Greve Syd,Mosede Landevej - Cementvej,95608.867,90443.34975,2003,2010,4
EU4,DK,Køge Bugt Motorvejen,Hundige - Greve Syd,Cementvej - Cordozavej,94947.78325,89556.65025,2003,2010,4
EU5,DK,Køge Bugt Motorvejen,Hundige - Greve Syd,Hundige Centervej - Greve Centervej,112553.6946,114679.803,2003,2010,4
EU6,DK,Køge Bugt Motorvejen,Hundige - Greve Syd,Greve Centervej - Mosede Landevej,110096.3382,105221.6749,2003,2011,4
EU7,DK,Køge Bugt Motorvejen,Hundige - Greve Syd,Existing stretches total,325174.3842,337044.335,2003,2010,4
EU8,DK,Køge Bugt Motorvejen,Hundige - Greve Syd,New project total,222650.0328,219901.4778,2003,2010,4
EU9,DK,Køge Bugt Motorvejen,Hundige - Greve Syd,New network total,547824.417,548715.0865,2003,2009,4
EU10,DK,Motorring 3,Udvidelse af motorring 3,Klampenborgvej - Helsingørmotorvejen (Helsingørmotorvejen),97186,97635.46798,2002,2009,4
EU11,DK,Motorring 3,Udvidelse af motorring 3,Hillerødmotorvejen - Herlev Ringvej,98403.74675,102561.5764,2002,2011,4
EU12,DK,Motorring 3,Udvidelse af motorring 3,Herlev Hovedgade - Jyllingevej,98460.04514,93399.01478,2002,2011,4
EU13,DK,Motorring 3,Udvidelse af motorring 3,Avedøre Havnevej - Øresundsmotorvejen (Amagermotorvejen),97561.21236,105714.2857,2002,2011,4
EU14,DK,Motorring 3,Udvidelse af motorring 3,Motorring 4 - Sdr. Ringvej (Holbækmotorvejen),95747.04555,93103.44828,2002,2011,4
EU15,DK,Motorring 3,Udvidelse af motorring 3,Motorring 3 - Avedøre Havnevej (Holbækmotorvejen),64250.04247,65714.28571,2002,2011,4
EU16,DK,Motorring 3,Udvidelse af motorring 3,Sdr. Ringvej - Motorring 3 (Køge Bugt Motorvejen),68468,70837.43842,2002,2009,4
EU17,DK,Motorring 3,Udvidelse af motorring 3,Motorring 3 - Tårnvej (Hovedvejen),37500.546,46896.55172,2002,2011,4
EU18,DK,Motorring 3,Udvidelse af motorring 3,Ndr. Ringvej - Motorring 3 (Jyllingevej),35828.0958,37142.85714,2002,2011,4
EU19,DK,Motorring 3,Udvidelse af motorring 3,Ring 4 - Motorring 3 (Hillerød Motorvejen),73883,73103.44828,2002,2009,4
EU20,DK,Motorring 3,Udvidelse af motorring 3,Gladsaxe Ringvej - Frederikssundvej (Hareskovvejen),50507,50837.43842,2002,2009,4
EU21,DK,Motorring 3,Udvidelse af motorring 3,Bagsværdvej - Motorring 3 (Buddingevej),18914,21182.26601,2002,2009,4
EU22,DK,Motorring 3,Udvidelse af motorring 3,Motorring 3 - Tuborgvej (Helsingørmotorvejen),73511,86502.46305,2002,2009,4
EU23,DK,Motorring 3,Udvidelse af motorring 3,Existing stretches total,616169.9422,651034.4828,2002,,4
EU24,DK,Motorring 3,Udvidelse af motorring 3,New project total,196863.7919,195960.5911,2002,2011,4
EU25,DK,Motorring 3,Udvidelse af motorring 3,New network total,813033.7341,846995.0739,2002,,4
EU26,DK,Sydmotorvejen,Ønslev - Sakskøbing,Ønslev - Majbølle,13700,11453.80863,2002,2008,5
EU27,DK,Sydmotorvejen,Ønslev - Sakskøbing,Majbølle - Sakskøbing,12315.27094,13103.93361,2002,2009,5
EU28,DK,Sydmotorvejen,Ønslev - Sakskøbing,Stubbekøbingvej - Ønslev,20700,18442.57322,2002,2008,5
EU29,DK,Sydmotorvejen,Ønslev - Sakskøbing,Nykøbing - Ønslev (E55),13300.49261,12812.73508,2002,2009,5
EU30,DK,Sydmotorvejen,Ønslev - Sakskøbing,Existing stretches total,34000.49261,31255.30831,2002,,5
EU31,DK,Sydmotorvejen,Ønslev - Sakskøbing,New project total,26015.27094,24557.74224,2002,2008,5
EU32,DK,Sydmotorvejen,Ønslev - Sakskøbing,New network total,60015.76355,55813.05055,2002,,5
EU33,DK,Midtjyske Motorvej,Rute 18 ved Herning,Nord for Trehøjevej,9400,11284.54053,1997,2007,5
EU34,DK,Midtjyske Motorvej,Rute 18 ved Herning,Trehøjevej - Sundsvej,7800,6024.797061,1997,2007,5
EU35,DK,Midtjyske Motorvej,Rute 18 ved Herning,Sundsvej - Silkeborgvej,13500,12145.22582,1997,2007,5
EU36,DK,Midtjyske Motorvej,Rute 18 ved Herning,Silkeborgvej - Rute 15,15900,13006.86743,1997,2008,5
EU37,DK,Midtjyske Motorvej,Rute 18 ved Herning,Rute 15 - Fasterholtvej,11200,8153.558689,1997,2008,5
EU38,DK,Midtjyske Motorvej,Rute 18 ved Herning,Fasterholtvej - Frihedsvej,9800,7182.89694,1997,2008,5
EU39,DK,Midtjyske Motorvej,Rute 18 ved Herning,Ringvejen - Ejstrupholmvej (Ringvejen),8900,5823.970492,1997,2008,5
EU40,DK,Midtjyske Motorvej,Rute 18 ved Herning,Arnborg - Rute 18 (Fasterholtvej),2955.665025,679.4632241,1997,2009,5
EU41,DK,Midtjyske Motorvej,Rute 18 ved Herning,Rute 18 - Farstrupvej (Herningmotorvejen),19600,23295.88197,1997,2008,5
EU42,DK,Midtjyske Motorvej,Rute 18 ved Herning,Farstrupvej - Øster Bjødstrup (Herningmotorvejen),17800,16695.38208,1997,2008,5
EU43,DK,Midtjyske Motorvej,Rute 18 ved Herning,Rute 18 - Farstrupvej (Silkeborgvej),8078.817734,5047.441093,1997,2009,5
EU44,DK,Midtjyske Motorvej,Rute 18 ved Herning,Messevejen - Vejlevej (Dronningens Boulevard),17600,20480.9629,1997,2008,5
EU45,DK,Midtjyske Motorvej,Rute 18 ved Herning,Dronningens Boulevard - Rute 18 (Herningsmotorvejen),12200,15821.7865,1997,2008,5
EU46,DK,Midtjyske Motorvej,Rute 18 ved Herning,Existing stretches total,87134.48276,87844.88825,1997,,5
EU47,DK,Midtjyske Motorvej,Rute 18 ved Herning,New project total,67600,57797.88647,1997,2008,5
EU48,DK,Midtjyske Motorvej,Rute 18 ved Herning,New network total,154734.4828,146084.5932,1997,,5
EU49,DK,Messemotorvejen,Rute 15 ved Herning,Dronningens Boulevard - Messevejen,6300,6009.852217,1997,2009,5
EU50,DK,Messemotorvejen,Rute 15 ved Herning,Messevejen - Midtjyske Motorvej,10500,13004.92611,1997,2009,5
EU51,DK,Messemotorvejen,Rute 15 ved Herning,New project total,16800,19014.77833,1997,2009,5
EU52,DK,Rute 18 & 30,Riis - Ølholm,Vejlevej - Viborg Hovedvej,8701.528326,6288.644865,1995,2008,4
EU53,DK,Rute 18 & 30,Riis - Ølholm,Riis - Givskud (Vejlevej),2814.919071,2858.474938,1995,2007,4
EU54,DK,Rute 18 & 30,Riis - Ølholm,Bredgade - Rute18/30 (Viborg Hovedvej),10800,7546.373838,1995,2005,4
EU55,DK,Rute 18 & 30,Riis - Ølholm,Rute18/30 - Skanderborgvej (Viborg Hovedvej),12500,10862.20477,1995,2005,4
EU56,DK,Rute 18 & 30,Riis - Ølholm,Existing stretches total,26114.91907,21267.05354,1995,,4
EU57,DK,Rute 18 & 30,Riis - Ølholm,New project total,8701.528326,6288.644865,1995,2008,4
EU58,DK,Rute 18 & 30,Riis - Ølholm,New network total,34816.4474,27555.69841,1995,,4
EU59,DK,Rute 26,Nors Omfartsvej,Syd for Hillerslevvej,3000,4016.531374,2001,2007,4
EU60,DK,Rute 26,Nors Omfartsvej,Nord for Sønderby,3100,3729.636276,2001,2007,4
EU61,DK,Rute 26,Nors Omfartsvej,Kirkebyvej - Lærkevej (Norsvej),1900,2103.897386,2001,2007,4
EU62,DK,Rute 26,Nors Omfartsvej,Klitholm - Aalborgvej (Hanstholmvej),6400,7363.640852,2001,2007,4
EU63,DK,Rute 26,Nors Omfartsvej,Existing stretches total,11400,13197.17451,2001,,4
EU64,DK,Rute 26,Nors Omfartsvej,New project total,3000,4016.531374,2001,2007,4
EU65,DK,Rute 26,Nors Omfartsvej,New network total,14400,17213.70589,2001,,4
EU66,DK,Rute 18,Brande Omfartsvej,Ejstrupholmvej - Ny Thyregodvej,5200,3231.852012,1995,2001,5
EU67,DK,Rute 18,Brande Omfartsvej,Øst for Rute 18 (Ejstrupholmvej),1500,1723.654406,1995,2001,5
EU68,DK,Rute 18,Brande Omfartsvej,Ved Egsgård,6309.301366,6355.975623,1995,2003,5
EU69,DK,Rute 18,Brande Omfartsvej,Existing stretches total,7809.301366,8079.630029,1995,,5
EU70,DK,Rute 18,Brande Omfartsvej,New project total,5200,3231.852012,1995,2001,5
EU71,DK,Rute 18,Brande Omfartsvej,New network total,13009.30137,11311.48204,1995,,5
EU72,DK,Rute 22,Næstved Omfartsvej,Slagelsevej - Karrebækvej,2643,2987.6525,1992,1998,5
EU73,DK,Rute 22,Næstved Omfartsvej,Karrebækvej - Industrivej,6469,7005.53,1992,1998,5
EU74,DK,Rute 22,Næstved Omfartsvej,New project total,9112,9993.1825,1992,1998,5
EU75,DK,Svendborgmotorvejen,Odense - Ringe,Nord for Fynske Motorvej,17500,19413.23497,1998,2007,4
EU76,DK,Svendborgmotorvejen,Odense - Ringe,Fynske Motorvej - Lumbyvej,19200,20656.44706,1998,2007,4
EU77,DK,Svendborgmotorvejen,Odense - Ringe,Lumbyvej - Assensvej,18400,18743.81308,1998,2007,4
EU78,DK,Svendborgmotorvejen,Odense - Ringe,Existing stretches total,36700,40069.68204,1998,,4
EU79,DK,Svendborgmotorvejen,Odense - Ringe,New project total,18400,18743.81308,1998,2007,4
EU80,DK,Svendborgmotorvejen,Odense - Ringe,New network total,55100,58813.49512,1998,,4
EU81,DK,Svendborgmotorvejen,Ringe - Kværndrup,Assensvej - Bøjdenvej,15300,15014.1768,1998,2007,4
EU82,DK,Svendborgmotorvejen,Ringe - Kværndrup,New project total,15300,15014.1768,1998,2007,4
EU83,DK,Svendborgmotorvejen,Kværndrup - Svendborg,Bøjdenvej - Vængevej,15390,14100,1998,2010,4
EU84,DK,Svendborgmotorvejen,Kværndrup - Svendborg,Vængevej - Ring Nord,17015,16900,1998,2010,4
EU85,DK,Svendborgmotorvejen,Kværndrup - Svendborg,New project total,32405,31000,1998,2010,4
EU86,DK,Randers,Ringboulevarden i Randers,Mariagervej - Gl. Hobrovej,5000,6169.502413,1994,1999,6
EU87,DK,Randers,Ringboulevarden i Randers,Gl. Hobrovej - Hobrovej,5500,11816.16564,1994,1999,6
EU88,DK,Randers,Ringboulevarden i Randers,Hadsundvej - Mariagervej (Nørre Boulevard),8541.823388,7633.452138,1994,2001,6
EU89,DK,Randers,Ringboulevarden i Randers,Hobrovej - Ringboulevarden (Parkboulevarden),1942.294159,5437.52755,1994,2001,6
EU90,DK,Randers,Ringboulevarden i Randers,Syd for Viborgvej (E45),28000,17985.66805,1994,1999,6
EU91,DK,Randers,Ringboulevarden i Randers,Nord for Viborgvej (E45),21600,11607.02996,1994,1999,6
EU92,DK,Randers,Ringboulevarden i Randers,Nord for Nordskellet (Mariagervej),4270.911694,4705.552688,1994,2001,6
EU93,DK,Randers,Ringboulevarden i Randers,Existing stretches total,64355.02924,47369.23039,1994,,6
EU94,DK,Randers,Ringboulevarden i Randers,New project total,10500,17985.66805,1994,1999,6
EU95,DK,Randers,Ringboulevarden i Randers,New network total,74855.02924,65354.89844,1994,,6
EU96,DK,Herningmotorvejen,Herning - Bording,Vest for Kølkærvej,13600,22085.91377,1992,2003,6
EU97,DK,Herningmotorvejen,Herning - Bording,Kølkærvej - Isenvadvej,7900,14427.98387,1992,2003,6
EU98,DK,Herningmotorvejen,Herning - Bording,Øst for Isenvadvej,5600,8989.743795,1992,2003,6
EU99,DK,Herningmotorvejen,Herning - Bording,New project total,27100,45503.64143,1992,2003,6
EU100,DK,Herningmotorvejen,Låsby - Århus,Hammelvej - Storingvej,12200,10814.32883,1992,2004,6
EU101,DK,Herningmotorvejen,Låsby - Århus,Storingvej - Stillingvej,16900,21403.35915,1992,2004,6
EU102,DK,Herningmotorvejen,Låsby - Århus,Stillingvej - Brabrand,15700,16897.3888,1992,2004,6
EU103,DK,Herningmotorvejen,Låsby - Århus,New project total,44800,49115.07678,1992,2004,6
EU104,DK,Holbækmotorvejen,Holbæk - Vig,Langerød - Tuse Nord,15600,15205.4402,1998,2007,5
EU105,DK,Holbækmotorvejen,Holbæk - Vig,New project total,15600,15205.4402,1998,2007,5
EU106,DK,Rute 44,Faaborg Omfartsvej,Syd for Havnegade,8007.242189,4416.864416,1994,2004,6
EU107,DK,Rute 44,Faaborg Omfartsvej,Havnegade - Markedspladsen,7200,6679.160824,1994,2001,6
EU108,DK,Rute 44,Faaborg Omfartsvej,Brønnersvej - Sundagervej,5800,6248.247223,1994,2001,6
EU109,DK,Rute 44,Faaborg Omfartsvej,Torvet - Sundvejen (Havnegade),6000,3878.222414,1994,2001,6
EU110,DK,Rute 44,Faaborg Omfartsvej,Markedspladsen - Sundvejen (Havnegade),2100,2370.024809,1994,2001,6
EU111,DK,Rute 44,Faaborg Omfartsvej,Engvej - Sundvejen (Brønnersvej),2000,861.8272031,1994,2001,6
EU112,DK,Rute 44,Faaborg Omfartsvej,Existing stretches total,6000,3878.222414,1994,,6
EU113,DK,Rute 44,Faaborg Omfartsvej,New project total,21007.24219,17344.27246,1994,2001,6
EU114,DK,Rute 44,Faaborg Omfartsvej,New network total,27007.24219,21222.49488,1994,,6
EU115,DK,Djurslandsmotorvejen,Søften - Skødstrup,Søften - Skejby,29485.71429,26932.1001,2000,2010,6
EU116,DK,Djurslandsmotorvejen,Søften - Skødstrup,Skejby - Lystrup,21188.17734,26932.1001,2000,2010,6
EU117,DK,Djurslandsmotorvejen,Søften - Skødstrup,Lystrup - Skæring,21179.31034,24777.53209,2000,2010,6
EU118,DK,Djurslandsmotorvejen,Søften - Skødstrup,Skæring - Studstrup,17808.867,18313.82807,2000,2010,6
EU119,DK,Djurslandsmotorvejen,Søften - Skødstrup,Studstrup - Lygten,22998.02956,21545.68008,2000,2010,6
EU120,DK,Djurslandsmotorvejen,Søften - Skødstrup,Djurslandsmotorvejen - Viengevej (Lystrupvej),11884,15081.97605,2000,2009,6
EU121,DK,Djurslandsmotorvejen,Søften - Skødstrup,Djurslandsmotorvejen - Grenåvej (Mejlbyvej),4685.714286,5386.420019,2000,2010,6
EU122,DK,Djurslandsmotorvejen,Søften - Skødstrup,Djurslandsmotorvejen - Hjortshøj (Mejlbyvej),4864.039409,9695.556035,2000,2010,6
EU123,DK,Djurslandsmotorvejen,Søften - Skødstrup,Djurslandsmotorvejen - Skæring Havvej (Grenåvej),12840.39409,11850.12404,2000,2010,6
EU124,DK,Djurslandsmotorvejen,Søften - Skødstrup,Skæring Havvej - Brovej (Grenåvej),15968.47291,11850.12404,2000,2010,6
EU125,DK,Djurslandsmotorvejen,Søften - Skødstrup,Mejdalsvej - Adalsvej (Grenåvej),23060.09852,20468.39607,2000,2010,6
EU126,DK,Djurslandsmotorvejen,Søften - Skødstrup,Vejlby Ringvej - Risvang Alle (Grenåvej),28413,32318.52012,2000,2009,6
EU127,DK,Djurslandsmotorvejen,Søften - Skødstrup,Randersvej - Grenåvej (Vejlby Ringvej),13390.14778,20468.39607,2000,2010,6
EU128,DK,Djurslandsmotorvejen,Søften - Skødstrup,Skejbyvej - Skejbygårdsvej (Randersvej),27824.63054,32318.52012,2000,2010,6
EU129,DK,Djurslandsmotorvejen,Søften - Skødstrup,Existing stretches total,112660.0985,118501.2404,2000,,6
EU130,DK,Djurslandsmotorvejen,Søften - Skødstrup,New project total,142930.4975,159438.0326,2000,2010,6
EU131,DK,Djurslandsmotorvejen,Søften - Skødstrup,New network total,255590.5961,277939.273,2000,,6
EU132,DK,Hirtshalsmotorvejen,Nørresundby - Hirtshals,Bouet - Tylstrup,16226,8818.473091,1990,2005,6
EU133,DK,Hirtshalsmotorvejen,Nørresundby - Hirtshals,Tylstrup - Brønderslev,15204,9468.255319,1990,2005,6
EU134,DK,Hirtshalsmotorvejen,Nørresundby - Hirtshals,Brønderslev - Hjørring,10853,7797.386733,1990,2005,6
EU135,DK,Hirtshalsmotorvejen,Nørresundby - Hirtshals,Hjørring - Bjergby,6101,7797.386733,1990,2005,6
EU136,DK,Hirtshalsmotorvejen,Nørresundby - Hirtshals,Bjergby - Hirtshals,7142,8725.647059,1990,2005,6
EU137,DK,Hirtshalsmotorvejen,Nørresundby - Hirtshals,New project total,55526,42607.14894,1990,2005,6
EU138,DK,Frederikshavnmotorvejen,Vodskov - Frederikshavn,Vodskov - Brusholt,15525,13404.43797,1990,2002,6
EU139,DK,Frederikshavnmotorvejen,Vodskov - Frederikshavn,Brustholt - Hjallerup,11927.0936,8788.340126,1990,2003,6
EU140,DK,Frederikshavnmotorvejen,Vodskov - Frederikshavn,Hjallerup - Flauenskjold,9609,7723.086777,1990,2002,6
EU141,DK,Frederikshavnmotorvejen,Vodskov - Frederikshavn,Flauenskjold - Syvsten,9148,8699.569013,1990,2002,6
EU142,DK,Frederikshavnmotorvejen,Vodskov - Frederikshavn,Syvsten - Haldbjerg,7962,9143.424575,1990,2002,6
EU143,DK,Frederikshavnmotorvejen,Vodskov - Frederikshavn,Haldbjerg - Frederikshavn,14376,11984.10017,1990,2002,6
EU144,DK,Frederikshavnmotorvejen,Vodskov - Frederikshavn,New project total,68547.0936,59742.95863,1990,2002,6
EU145,DK,Esbjergmotorvejen,Esbjerg - Kolding,Esbjerg Syd - Esbjerg Nord,9185,11293.32645,1989,1999,5
EU146,DK,Esbjergmotorvejen,Esbjerg - Kolding,Esbjerg Lufthavn,14061,11502.46213,1989,1999,5
EU147,DK,Esbjergmotorvejen,Esbjerg - Kolding,Sadderup,12134.97537,7528.8843,1989,2000,5
EU148,DK,Esbjergmotorvejen,Esbjerg - Kolding,Endrup,11462,7633.452138,1989,1999,5
EU149,DK,Esbjergmotorvejen,Esbjerg - Kolding,Vest for Holsted,11676,7633.452138,1989,1999,5
EU150,DK,Esbjergmotorvejen,Esbjerg - Kolding,Øst for Holsted,10364.53202,8783.69835,1989,2000,5
EU151,DK,Esbjergmotorvejen,Esbjerg - Kolding,Revsing Plantage,10722,8679.130513,1989,1999,5
EU152,DK,Esbjergmotorvejen,Esbjerg - Kolding,Vest for Glibstrub Gårde,13435,11920.73348,1989,1999,5
EU153,DK,Esbjergmotorvejen,Esbjerg - Kolding,Lejrskov,15095,11397.89429,1989,1999,5
EU154,DK,Esbjergmotorvejen,Esbjerg - Kolding,Vest for Kolding,21303,12966.41185,1989,1999,5
EU155,DK,Esbjergmotorvejen,Esbjerg - Kolding,Tjæreborgvej vest for Tønderby,6999,4914.688363,1989,1999,5
EU156,DK,Esbjergmotorvejen,Esbjerg - Kolding,Solbjergvej vest for Andrup,3579,1359.381888,1989,1999,5
EU157,DK,Esbjergmotorvejen,Esbjerg - Kolding,Forum Hovedvej ved Forum,8093,8992.834025,1989,1999,5
EU158,DK,Esbjergmotorvejen,Esbjerg - Kolding,Ølufvad Hovedvej,6363,4914.688363,1989,1999,5
EU159,DK,Esbjergmotorvejen,Esbjerg - Kolding,Tingvejen ved Grimstrup Krat,3967,3241.602963,1989,1999,5
EU160,DK,Esbjergmotorvejen,Esbjerg - Kolding,Glebjergvej ved Humlund,1462,1777.653238,1989,1999,5
EU161,DK,Esbjergmotorvejen,Esbjerg - Kolding,Grindstedvej mellem Esbjergmotovejen og Hedegårdsvej,1633,1254.81405,1989,1999,5
EU162,DK,Esbjergmotorvejen,Esbjerg - Kolding,Grindstedvej ved Løbners Plantage,2165.517241,2300.492425,1989,2000,5
EU163,DK,Esbjergmotorvejen,Esbjerg - Kolding,Ribevej syd for Holsted Stationsby,2147.783251,1673.0854,1989,2000,5
EU164,DK,Esbjergmotorvejen,Esbjerg - Kolding,Ribevej syd for Brørup,2554.679803,2927.89945,1989,2000,5
EU165,DK,Esbjergmotorvejen,Esbjerg - Kolding,Vejlevej nord for Esbjergmotorvejen,1405,1568.517563,1989,1999,5
EU166,DK,Esbjergmotorvejen,Esbjerg - Kolding,Viborgvej nord for Esbjergmotorvejen,2292,2614.195938,1989,1999,5
EU167,DK,Esbjergmotorvejen,Esbjerg - Kolding,Koldingvej mellem Vejen og Lunderskov,3632,1673.0854,1989,1999,5
EU168,DK,Esbjergmotorvejen,Esbjerg - Kolding,Lunderskovvej ved Kolding Flyveklub,3079,3869.009988,,1999,5
EU169,DK,Esbjergmotorvejen,Esbjerg - Kolding,Existing stretches total,49371.9803,43081.94905,1989,1999,5
EU170,DK,Esbjergmotorvejen,Esbjerg - Kolding,New project total,129438.5074,99339.44563,1989,1999,5
EU171,DK,Esbjergmotorvejen,Esbjerg - Kolding,New network total,178810.4877,142421.3947,1989,1999,5
EU172,DK,Rute 26,Skive omfartsvej,Vest for Dommerby,2047.125628,3892.453927,1988,1997,5
EU173,DK,Rute 26,Skive omfartsvej,Syd for Dommerby,2848.892232,1813.92531,1988,1997,5
EU174,DK,Rute 26,Skive omfartsvej,Syd for Egeris,3216.773035,2366.342742,1988,1997,5
EU175,DK,Rute 26,Skive omfartsvej,Reberbanen nord for Skive station,10807.34791,8853.765954,1988,1997,5
EU176,DK,Rute 26,Skive omfartsvej,Herningvej ved Lundbro,3814,3499.030587,1988,1995,5
EU177,DK,Rute 26,Skive omfartsvej,Existing stretches total,14621.34791,12352.79654,1988,1997,5
EU178,DK,Rute 26,Skive omfartsvej,New project total,8112.790895,8072.721979,1988,1997,5
EU179,DK,Rute 26,Skive omfartsvej,New network total,22734.1388,20425.51852,1988,1997,5
EU180,DK,Rute 9,Toreby Omfartsvej,New project total,7584,4429.9675,1993,1998,6
EU181,DK,Helsingørmotorvejen,Udbygning fra 4 til 6 sport Gl. Holte til Jægersborg,Øverødvej - Skodsborgvej,59899,57855,1993,1998,5
EU182,DK,Helsingørmotorvejen,Udbygning fra 4 til 6 sport Gl. Holte til Jægersborg,Skodsborgvej - Lundtoftevej,64205,60900,1993,1998,5
EU183,DK,Helsingørmotorvejen,Udbygning fra 4 til 6 sport Gl. Holte til Jægersborg,Lundtoftevej - Klampenborgvej,65772,69933.5,1993,1998,5
EU184,DK,Helsingørmotorvejen,Udbygning fra 4 til 6 sport Gl. Holte til Jægersborg,Klampenborgvej - Jægersborgvej,37237,67294.5,1993,1998,5
EU185,DK,Helsingørmotorvejen,Udbygning fra 4 til 6 sport Gl. Holte til Jægersborg,Øverødvej ved Øverød,8103,4872,1993,1998,5
EU186,DK,Helsingørmotorvejen,Udbygning fra 4 til 6 sport Gl. Holte til Jægersborg,Kongevejen ved Holte Station,28217,22939,1993,1998,5
EU187,DK,Helsingørmotorvejen,Udbygning fra 4 til 6 sport Gl. Holte til Jægersborg,Hørsholm Kongevej ved Rude Sø,4354,6191.5,1993,1998,5
EU188,DK,Helsingørmotorvejen,Udbygning fra 4 til 6 sport Gl. Holte til Jægersborg,Rute 16 ved Sorgenfri Station,33631,26796,1993,1998,5
EU189,DK,Helsingørmotorvejen,Udbygning fra 4 til 6 sport Gl. Holte til Jægersborg,Existing stretches total,74305,60798.5,1993,1998,5
EU190,DK,Helsingørmotorvejen,Udbygning fra 4 til 6 sport Gl. Holte til Jægersborg,New project total,227113,255983,1993,1998,5
EU191,DK,Helsingørmotorvejen,Udbygning fra 4 til 6 sport Gl. Holte til Jægersborg,New network total,301418,316781.5,1993,1998,5
EU192,DK,Rute 187,Ny Nibevej,Vest for Sønderholm,4161.5,3146.5,1985,1993,5
EU193,DK,Rute 187,Ny Nibevej,Nord for Sønderholm,4770.5,3857,1985,1993,5
EU194,DK,Rute 187,Ny Nibevej,Vest for Frejlev,4770.5,4161.5,1985,1993,5
EU195,DK,Rute 187,Ny Nibevej,Øst for Frejlev,6496,6902,1985,1993,5
EU196,DK,Rute 187,Ny Nibevej,Øst for Nibe,5278,5481,1985,1993,5
EU197,DK,Rute 187,Ny Nibevej,Øst for Nibe,2131.5,2131.5,1985,1993,5
EU198,DK,Rute 187,Ny Nibevej,Øst for Nibe,4263,4466,1985,1993,5
EU199,DK,Rute 187,Ny Nibevej,Øst for Nibe,3248,2842,1985,1993,5
EU200,DK,Rute 187,Ny Nibevej,Existing stretches total,5278,5481,1985,1993,5
EU201,DK,Rute 187,Ny Nibevej,New project total,20198.5,18067,1985,1993,5
EU202,DK,Rute 187,Ny Nibevej,New network total,25476.5,23548,1985,1993,5
EU203,DK,Nordjyske Motorvej,Hobro Syd - Aalborg Syd,Støvring,16341.5,14514.5,1980,1992,5
EU204,DK,Nordjyske Motorvej,Hobro Syd - Aalborg Syd,Suldrup,16747.5,15529.5,1980,1992,5
EU205,DK,Nordjyske Motorvej,Hobro Syd - Aalborg Syd,Thisted,10150,10150,1980,1992,5
EU206,DK,Nordjyske Motorvej,Hobro Syd - Aalborg Syd,Mejlby,9642.5,9135,1980,1992,5
EU207,DK,Nordjyske Motorvej,Hobro Syd - Aalborg Syd,Døstrup,3451,3552.5,1980,1992,5
EU208,DK,Nordjyske Motorvej,Hobro Syd - Aalborg Syd,Sønder Onsild,9033.5,10251.5,1980,1992,5
EU209,DK,Nordjyske Motorvej,Hobro Syd - Aalborg Syd,Støvring,6597.5,5278,1980,1992,5
EU210,DK,Nordjyske Motorvej,Hobro Syd - Aalborg Syd,Syd for Arden,1827,1116.5,1980,1992,5
EU211,DK,Nordjyske Motorvej,Hobro Syd - Aalborg Syd,Nord for Hobro,2943.5,2334.5,1980,1992,5
EU212,DK,Nordjyske Motorvej,Hobro Syd - Aalborg Syd,Hobro,13702.5,17153.5,1980,1992,5
EU213,DK,Nordjyske Motorvej,Hobro Syd - Aalborg Syd,Stenild,3857,4364.5,1980,1992,5
EU214,DK,Nordjyske Motorvej,Hobro Syd - Aalborg Syd,Existing stretches total,28927.5,30247,1980,1992,5
EU215,DK,Nordjyske Motorvej,Hobro Syd - Aalborg Syd,New project total,65366,63133,1980,1992,5
EU216,DK,Nordjyske Motorvej,Hobro Syd - Aalborg Syd,New network total,94293.5,93380,1980,1992,5
EU217,DK,Øresund,Øresundsbron,New project total,8300,7612.5,1990,2001,6
EU218,DK,Storebælt,Storebæltsbroen,New project total,21607.88177,10247.64808,1987,2000,6
EU219,DK,Rute 26,Viborg Omfartsvej,Søndre Ringvej syd for Hærvejsstien,8397,3878.222414,1994,2001,5
EU220,DK,Rute 26,Viborg Omfartsvej,Søndre Ringvej syd for Holstebrovej,8211,4309.136016,1994,2001,5
EU221,DK,Rute 26,Viborg Omfartsvej,Søndre Ringvej syd for Indre Ringvej,17682,12927.40805,1994,2001,5
EU222,DK,Rute 26,Viborg Omfartsvej,Vestre Ringvej nord for Holstebrovej,7102,5925.062021,1994,2001,5
EU223,DK,Rute 26,Viborg Omfartsvej,Holstebrovej vest for Ringvejen,7415,6248.247223,1994,2001,5
EU224,DK,Rute 26,Viborg Omfartsvej,Århusvej ved Tejlstien,8749,5494.14842,1994,2001,5
EU225,DK,Rute 26,Viborg Omfartsvej,Vejlevej syd for Århusvej,9755,7433.259627,1994,2001,5
EU226,DK,Rute 26,Viborg Omfartsvej,Existing stretches total,33021,25100.71729,1994,2001,5
EU227,DK,Rute 26,Viborg Omfartsvej,New project total,34290,21114.76648,1994,2001,5
EU228,DK,Rute 26,Viborg Omfartsvej,New network total,67311,46215.48377,1994,2001,5
EU229,DK,E20,Ny Lillebæltsbro,New project total,14200,17762.5,1961,1971,6
EU230,DK,Billund,Billund Omfartsvej,Omfartsvej vest ved Stilbjergvej,3668.080065,5586.366102,1997,2010,6
EU231,DK,Billund,Billund Omfartsvej,Omfartsvej vest nord for Nordmarksvej,2837.333364,4595.236632,1997,2010,6
EU232,DK,Billund,Billund Omfartsvej,Grindstedvej,4385.29739,6217.084856,1997,2010,6
EU233,DK,Billund,Billund Omfartsvej,Existing stretches total,4385.29739,6217.084856,1997,2010,6
EU234,DK,Billund,Billund Omfartsvej,New project total,6505.413429,10181.60273,1997,2010,6
EU235,DK,Billund,Billund Omfartsvej,New network total,10890.71082,16398.68759,1997,2010,6
EU236,DK,Djursland,Løgten - Tårstrup,Øst for Løgten,7800,8051.723488,1979,1988,5
EU237,DK,Djursland,Løgten - Tårstrup,Nord for Rønde,7400,9515.673213,1979,1988,5
EU238,DK,Djursland,Løgten - Tårstrup,Øst for Feldballe,4300,3869.009988,1979,1988,5
EU239,DK,Djursland,Løgten - Tårstrup,Øst for Løgten,4300,2927.89945,1979,1988,5
EU240,DK,Djursland,Løgten - Tårstrup,Vest for Rønde,5800,3032.467288,1979,1988,5
EU241,DK,Djursland,Løgten - Tårstrup,Syd for Rønde,4400,1254.81405,1979,1988,5
EU242,DK,Djursland,Løgten - Tårstrup,Existing stretches total,14500,7215.180788,1979,1988,5
EU243,DK,Djursland,Løgten - Tårstrup,New project total,19500,21436.40669,1979,1988,5
EU244,DK,Djursland,Løgten - Tårstrup,New network total,34000,28651.58748,1979,1988,5
EU245,DK,Nordsjælland,Isterødvejen,Isterødvejen,6309.301366,8900,1963,1970,5
EU246,DK,Nordsjælland,Isterødvejen,Hillerød-Birkerød,8735.955738,1700,1963,1970,5
EU247,DK,Nordsjælland,Isterødvejen,Existing stretches total,8735.955738,1700,1963,1970,5
EU248,DK,Nordsjælland,Isterødvejen,New project total,6309.301366,8900,1963,1970,5
EU249,DK,Nordsjælland,Isterødvejen,New network total,15045.2571,10600,1963,1970,5
EU250,DK,Motorring 3,Motorringvejen,Vest for Gladsaxe,27955.05836,23986.81624,1963,1974,5
EU251,DK,Motorring 3,Motorringvejen,Vest for Brønshøj,21451.62465,31416.3611,1963,1974,5
EU252,DK,Motorring 3,Motorringvejen,Kgs. Lyngby Bagsværd,11550.87481,1592.045326,1963,1974,5
EU253,DK,Motorring 3,Motorringvejen,Existing stretches total,11550.87481,1592.045326,1963,1974,5
EU254,DK,Motorring 3,Motorringvejen,New project total,49406.68301,55403.17734,1963,1974,5
EU255,DK,Motorring 3,Motorringvejen,New network total,60957.55782,56995.22267,1963,1974,5
EU256,DK,Motorring 4,Motorring 4,New project total,21989.16256,20480.9629,1963,1979,5
EU257,DK,Hillerødmotorvejen,Hillerødmotorvejen,New project total,29547,30147.78325,1963,1979,5
EU258,DK,Limfjorden,Limfjordstunnelen,New project total,44600,45675,,1970,6
EU259,DK,Vestmotorvejen,Ringsted - Slagelse,New project total,15100,14900,,1994,6
EU260,DK,Nordjyske Motorvej,Handest - Årestrup,New project total,13702.5,9000,,1992,6
EU261,DK,Nordjyske Motorvej,Årestrup - Bonderup,New project total,17864,15000,,1992,6
EU262,DK,Nordjyske Motorvej,Randers N - Handest,New project total,15800,9500,,1994,6
EU263,DK,Nordjyske Motorvej,Hadbjerg - Randers S,New project total,18371.5,8800,,1994,6
EU264,DK,Nordjyske Motorvej,Dørup - Hadbjerg,New project total,18473,13500,,1994,6
EU265,DK,Rute 26,Sallingsundbroen,New project total,4263,2800,,1978,6
EU266,DK,Midtjyske Motorvej,Vejlefjord broen,New project total,18843.68461,19500,,1985,6
EU267,DK,Rute 8,Alssundbroen,New project total,10997.64543,20000,,1985,6
EU268,DK,Sydmotorvejen,Farø broerne,New project total,11588.86603,11700,,1990,6
EU269,DK,Sydmotorvejen,Guldborgsund tunnel,New project total,6961.952441,8500,,1994,6
EU270,DK,Slangerup,Forlægning nord om Slangerup,Frederiksborgvej nord for Slangerup,6009.852217,7429.544854,1981,1985,6
EU271,DK,Slangerup,Forlægning nord om Slangerup,Hørup Skovvej sydvest for Slangerup,6600.985222,5837.499528,1981,1985,6
EU272,DK,Slangerup,Forlægning nord om Slangerup,New project total,12800,13267.04438,1981,1984,6
EU273,DK,St. Lyngby,Forlægning nord om St. Lyngby,New project total,6306,5646.663225,1981,1983,6
EU274,DK,Ringsted,Forlægning øst om Ringsted,Nord for M20,5435.705792,5338.487795,1984,1993,6
EU275,DK,Ringsted,Forlægning øst om Ringsted,Syd for M20,8735.955738,7543.515363,1984,1993,6
EU276,DK,Ringsted,Forlægning øst om Ringsted,New project total,14171.66153,12882.00316,1984,1993,6
EU277,DK,Overby,"Overby - Yderby, forlægning syd",New project total,3660,3097.766515,1984,2001,6
EU278,DK,Bellinge,"Bellinge, forlægning vest",New project total,6200,7768.91439,1981,1987,6
EU279,DK,Tønder,Forlægning øst om Tønder,New project total,2700,1442.798387,1984,1988,6
EU280,DK,Nr. Snede,"Nr. Snede, forlægning øst",Nord for Horsensvej,7384.6528,7190.373497,1981,1996,6
EU281,DK,Nr. Snede,"Nr. Snede, forlægning øst",Syd for Horsensvej,8227,7451.841624,1981,1998,6
EU282,DK,Nr. Snede,"Nr. Snede, forlægning øst",New project total,15611.6528,14642.21512,1981,1998,6
EU283,DK,Ringsted,Ringsted - Skovse,New project total,14731,12317.55731,1981,1994,6
EU284,DK,Østjyske Motorvej,Børup - Herslev,New project total,13458,10000,1981,1995,6
EU285,DK,Østjyske Motorvej,Vejle - Horsens,Sydlige del,19843.23813,15087.03073,1981,1993,6
EU286,DK,Østjyske Motorvej,Vejle - Horsens,Nordlige del,27584.26557,19729.19403,1981,1993,6
EU287,DK,Østjyske Motorvej,Vejle - Horsens,New project total,47427.5037,34816.22475,1981,1993,6
EU288,DK,Solrød,"Solrød, forlægning syd",New project total,4285.714286,3770.494014,1981,1986,6
EU289,DK,Holbæk,Kirkeåsvejen,New project total,3900,5993.16253,1981,1987,6
EU290,DK,Falster,"Nykøbing Falster, forlægning øst",New project total,8000,6463.704023,1981,1985,6
EU291,DK,Nakskov,Halsted - Branderslev,New project total,2100,2122.727101,1981,1984,6
EU292,DK,Spodsbjerg,Rudkøbing - Spodsbjerg,New project total,3310,2122.727101,1981,1984,6
EU293,DK,Stubbæk,Sønderborgvejens forlængelse,New project total,3203.426383,4120.9,1981,1986,6
EU294,DK,Århus,Ringvejen,New project total,24600,22529.85173,1981,1988,6
EU295,DK,Randers,"Assentoft, forlægning syd",New project total,12200,10151.88438,1984,1997,6
EU296,DK,Løgstrup,"Løgstrup, forlægning syd",New project total,3800,3184.090652,1981,1984,6
EU297,DK,Hobro,"Hobro, forlægning nord",New project total,3979.713169,3586.854514,1981,1994,6
EU298,DK,Fynske Motorvej,Langeskov - Korsebjerg (Syd om Odense),New project total,15301.0719,12574.59754,1981,1989,6
EU299,DK,Sønderjyske Motorvej,Skovby - Christiansfelt,New project total,14350,13926.4899,1981,1990,6
EU300,DK,Frederikssund,Forlægning øst om Gerlev,New project total,8200,4772.333125,1984,1988,6
EU301,DK,Bornholm,Forlægning øst om Rønne syd,New project total,1700,1109.844913,1984,1988,6
EU302,DK,Kværndrup,Forlægning øst om Kværndrup,New project total,8600,6288.644865,1984,1990,6
EU303,DK,Vejle,Skibet - Bredsten,New project total,6900,7432.03484,1984,1990,6
EU304,DK,Hirtshals,Bjergby - Hirtshals,New project total,4400,4416.864416,1981,1985,6
EU305,NO,Rogaland,Rv 519 Fastlandsforbindelse for Finnøy,New project total,728,501.92562,2001,2010,6
EU306,NO,Akershus,Rv 2  Kløfta Nybakk,New project total,8322,8541.823388,1997,2008,4
EU307,NO,Akershus,E6 Gardermoen - Dal,New project total,19701.15,22716.74526,,2011,4
EU308,NO,Akershus,E6 Dal-Boksrud,New project total,14122.3243,15041.285,,2010,4
EU309,NO,Akershus,E6 Boksrud-Minnesund,New project total,13613.18,14114.0825,,2011,4
EU310,NO,Akershus,E6 Skaberud-Kolomoen,New project total,11822.6601,12882.00316,,2011,4
EU311,NO,Buskerud,E 18 Frydenhaug-Eik,New project total,26305.41872,35000,2004,2011,6
EU312,NO,Sør-Trøndelag,E6 gjennom Melhus,New project total,10118.96581,9264.31241,1998,2011,4
EU313,NO,Nordland,Lofast,New project total,1486,1459.719825,1994,2008,6
EU314,NO,Vest-Agder,E18 Bjørndalssletta  -  Hannevikdalen,New project total,45269.83853,46800,1994,2011,6
EU315,NO,Møre og Romsdal,Eiksundsambandet Rv653,New project total,2463.054187,837.9329092,1994,2010,6
EU316,NO,Oslo,"Rv 150-Store Ringvei, Ullevålskr-Nydalsbrua",New project total,3986,3898.693367,1994,2000,4
EU317,NO,Oslo,E 18 Mellom Oslotunnelen Og Ekebergtunnelen,New project total,68005,90233.5,1998,2010,4
EU318,NO,Oslo,E6 Sørkorridoren,New project total,5023,5291.083855,1998,2010,6
EU319,NO,Oslo,E16 Kjørbo-Vøyenenga og E16 Vøyenenga-Økri,New project total,12752,11514,2004,2010,6
EU320,NO,Buskerud,E18 Høvik-Frydenhaug,New project total,31080.3023,21038.97386,,2011,6
EU321,NO,Vestfold,E18 Langåker-Bommestad,New project total,16945.81281,16240,,2011,6
EU322,NO,Aust-Agder,E18 Grimstad-Kristiandsand,New project total,11822.6601,11165,,2011,6
EU323,NO,Østfold,Fv. 108 Ny Kråkerøyforbindelse,New project total,18894.9016,20700,,2011,6
EU324,NO,Oppland,Fv. 255 Jørstad-Segalstad bru,New project total,3823.64532,4212.25,,2011,6
EU325,NO,Vest-Agder,E18 Handeland-Feda Vest,New project total,6095.93197,2186.886528,1993,2011,6
EU326,NO,Troms,E6 Bånes - Langnes,New project total,942.1842303,913.5,2000,2011,6
EU327,NO,Troms,Fv 347 Arnøya (skredsikring),New project total,97.06617486,97.06617486,,2011,6
EU328,SE,E4,Uppsala - Mehedeby,Norr Uppsala,18260,24266.54372,1999,2008,4
EU329,SE,E4,Uppsala - Mehedeby,Uppsala,19360,22131.08787,1999,2008,4
EU330,SE,E4,Uppsala - Mehedeby,Söder Uppsala,30298.91725,33876.09503,1999,2008,4
EU331,SE,E4,Uppsala - Mehedeby,New project total,67918.91725,80273.72661,1999,2008,4
EU332,SE,E4,Bärbyleden,E4 Norr Trafikplats Bärbyleden,18260,25000,2002,2008,4
EU333,SE,E4,Bärbyleden,E4 Söder Trafikplats Bärbyleden,19360,21000,2002,2008,4
EU334,SE,E4,Bärbyleden,Bärbyled väster Tpl Bärbyleden,10910,23000,2002,2008,4
EU335,SE,E4,Bärbyleden,Existing stretches total,10910,23000,2002,2008,4
EU336,SE,E4,Bärbyleden,New project total,37620,46000,2002,2008,4
EU337,SE,E4,Bärbyleden,New network total,48530,69000,2002,2008,4
EU338,SE,E18,Karlskoga - Lekhyttan,New project total,10210.5732,10781.3584,2007,2006,4
EU339,SE,E18,Lekhyttan - Adolfsberg,New project total,14900,15048.54369,2003,2009,4
EU340,SE,Väg 73,Södra länken trafikplats Skärmarbrink,Nynäsvägen söder anslutning Enskedevägen och Sofielundsvägen,66108.37438,80000,1995,2006,4
EU341,SE,Väg 73,Södra länken trafikplats Skärmarbrink,Södra Länken väster,59211.82266,38000,1995,2006,4
EU342,SE,Väg 73,Södra länken trafikplats Skärmarbrink,Södra Länken öster,43152.70936,48000,1995,2006,4
EU343,SE,Väg 73,Södra länken trafikplats Skärmarbrink,Existing stretches total,66108.37438,80000,1995,2006,4
EU344,SE,Väg 73,Södra länken trafikplats Skärmarbrink,New project total,102364.532,86000,1995,2006,4
EU345,SE,Väg 73,Södra länken trafikplats Skärmarbrink,New network total,168472.9064,166000,1995,2006,4
EU346,SE,Väg 265,Täby Kyrkby Rosenkälla,Bergtorpsvägen - Arningevägen,13553.23532,12764.33235,1999,2009,4
EU347,SE,Väg 265,Täby Kyrkby Rosenkälla,Arningevägen – Rosenkälla,10118.03802,12490.81094,1999,2009,4
EU348,SE,Väg 265,Täby Kyrkby Rosenkälla,New project total,23671.27334,25255.14329,1999,2009,4
EU349,SE,E4,Träsk - Ullånger,New project total,5320,5634,2003,2010,4
EU350,SE,E4,Arnasväll - Mosjön - Önska,Arnäsvall - Idbyn,8157.635468,7959.605911,2003,2010,4
EU351,SE,E4,Arnasväll - Mosjön - Önska,Idbyn – Mosjön,6798.029557,8016.748768,2003,2010,4
EU352,SE,E4,Arnasväll - Mosjön - Önska,New project total,14955.66502,15976.35468,2003,2010,4
EU353,SE,E18,Lekhyttan - Lanna - Vintrosa,New project total,14840,15048.54369,2003,2009,4
EU354,SE,Väg 50,Borlänge - Falun,Ornäs,12832.54922,10974.56191,2002,2010,4
EU355,SE,Väg 50,Borlänge - Falun,Mitt Ornäs - Tallen,14245.82556,11824.41209,2002,2010,4
EU356,SE,Väg 50,Borlänge - Falun,Tallen ,14292.93477,13281.97109,2002,2010,4
EU357,SE,Väg 50,Borlänge - Falun,New project total,41371.30955,36080.9451,2002,2010,4
EU358,SE,Väg 70,Hedemora - Säter,New project total,6717.067,6984,2003,2008,4
EU359,UK,A5,Weeford - Fazeley,A5 Improvements,21162.75,21822.5,2002,2005,4
EU360,UK,A5,Weeford - Fazeley,A5 Old Route,2131.5,1471.75,2002,2005,4
EU361,UK,A5,Weeford - Fazeley,A38 Northern Arm,41107.5,32480,2002,2005,4
EU362,UK,A5,Weeford - Fazeley,A38 Southern Arm,38570,37555,2002,2005,4
EU363,UK,A5,Weeford - Fazeley,A5 Western Arm,20807.5,22837.5,2002,2005,4
EU364,UK,A5,Weeford - Fazeley,Existing stretches total,102616.5,94344.25,2002,2005,4
EU365,UK,A5,Weeford - Fazeley,New project total,21162.75,21822.5,2002,2005,4
EU366,UK,A5,Weeford - Fazeley,New network total,123779.25,116166.75,2002,2005,4
EU367,UK,A6,Alvaston Bypass,Shardlow Road,15073.89163,4263,1999,2005,4
EU368,UK,A6,Alvaston Bypass,Bypass,19458.12808,28115.5,1999,2005,4
EU369,UK,A6,Alvaston Bypass,Existing stretches total,15073.89163,4263,1999,2005,4
EU370,UK,A6,Alvaston Bypass,New project total,19458.12808,28115.5,1999,2005,4
EU371,UK,A6,Alvaston Bypass,New network total,34532.0197,32378.5,1999,,4
EU372,UK,A6,Great Glen Bypass,Old A6,,,1991,,6
EU373,UK,A6,Great Glen Bypass,A6 Bypass,,,1991,,6
EU374,UK,A6,Great Glen Bypass,Existing stretches total,,,1991,,6
EU375,UK,A6,Great Glen Bypass,New project total,,,1991,,6
EU376,UK,A6,Great Glen Bypass,New network total,,,1991,,6
EU377,UK,A6,Rushden - Higham Ferres,"A5028 (old A6), S of Rushden",7900,5700,1990,2004,6
EU378,UK,A6,Rushden - Higham Ferres,"A5028 (old A6), N of Rushden",21300,11600,1990,2004,6
EU379,UK,A6,Rushden - Higham Ferres,"A5028 (old A6), N of Higham Ferrers",11300,4000,1990,2004,6
EU380,UK,A6,Rushden - Higham Ferres,B645 Kimbolton Rd,5500,2800,1990,2004,6
EU381,UK,A6,Rushden - Higham Ferres,"A6 bypass, S of A45",11700,7300,1990,2004,6
EU382,UK,A6,Rushden - Higham Ferres,Existing stretches total,46000,24100,1990,2004,6
EU383,UK,A6,Rushden - Higham Ferres,New project total,11700,7300,1990,2004,6
EU384,UK,A6,Rushden - Higham Ferres,New network total,33000,18900,1990,2004,6
EU385,UK,A11,Roudham Heath - Attleborough,A11 Hargham,28200,21000,1991,2004,6
EU386,UK,A11,Roudham Heath - Attleborough,A11 Attleborough Bypass (West of B1077),24600,18100,1991,2004,6
EU387,UK,A11,Roudham Heath - Attleborough,A11 Roudham Heath,26100,19500,1991,2004,6
EU388,UK,A11,Roudham Heath - Attleborough,"B1077 London Rd (East of A11, West of Fen St)",4700,4000,1991,2004,6
EU389,UK,A11,Roudham Heath - Attleborough,Hargham Road,1700,1500,1991,2004,6
EU390,UK,A11,Roudham Heath - Attleborough,Chalk Lane,800,950,1991,2004,6
EU391,UK,A11,Roudham Heath - Attleborough,"Heath Rd, just south of Snetterton Jn (Nth of Ind.",2300,2650,1991,2004,6
EU392,UK,A11,Roudham Heath - Attleborough,Harling Road,3600,3250,1991,2004,6
EU393,UK,A11,Roudham Heath - Attleborough,Existing stretches total,63800,49950,1991,2004,6
EU394,UK,A11,Roudham Heath - Attleborough,New project total,28200,21000,1991,2004,6
EU395,UK,A11,Roudham Heath - Attleborough,New network total,92000,70950,1991,2004,6
EU396,UK,A1,Ferrybridge to Hook Moor,A1 J40-41,56424,53950,1992,2007,6
EU397,UK,A1,Ferrybridge to Hook Moor,A1 J41-42,51912,58447,1992,2007,6
EU398,UK,A1,Ferrybridge to Hook Moor,A1 S of M1,47755,63469,1992,2007,6
EU399,UK,A1,Ferrybridge to Hook Moor,A1 S of Darrington,63314,73244,1992,2007,6
EU400,UK,A1,Ferrybridge to Hook Moor,A1 S of M62,11164,14794,1992,2007,6
EU401,UK,A1,Ferrybridge to Hook Moor,A1 between A645 & A162,12695,32300,1992,2007,6
EU402,UK,A1,Ferrybridge to Hook Moor,A1 between A162 & A63,7920,9734,1992,2007,6
EU403,UK,A1,Ferrybridge to Hook Moor,M62 J32-J32a,72450,76787,1992,2007,6
EU404,UK,A1,Ferrybridge to Hook Moor,M62 J32a-J33,59861,54493,1992,2007,6
EU405,UK,A1,Ferrybridge to Hook Moor,M62 J33-J34,55724,44763,1992,2007,6
EU406,UK,A1,Ferrybridge to Hook Moor,M63 between A1 & A656,12586,19262,1992,2007,6
EU407,UK,A1,Ferrybridge to Hook Moor,M63 E of A1 (W of new A1M),11620,8210,1992,2007,6
EU408,UK,A1,Ferrybridge to Hook Moor,M63 E of A1 (E of new A1M),12481,8858,1992,2007,6
EU409,UK,A1,Ferrybridge to Hook Moor,Existing stretches total,319815,342445,1992,2007,6
EU410,UK,A1,Ferrybridge to Hook Moor,New project total,156091,175866,1992,2007,6
EU411,UK,A1,Ferrybridge to Hook Moor,New network total,475906,518311,1992,2007,6
EU412,UK,A1,Willowburn - Denwick,A1,,,,,4
EU413,UK,A1,Willowburn - Denwick,North of A1,,,,,4
EU414,UK,A1,Willowburn - Denwick,South of A1,,,,,4
EU415,UK,A1,Willowburn - Denwick,Existing stretches total,,,,,4
EU416,UK,A1,Willowburn - Denwick,New project total,,,,,4
EU417,UK,A1,Willowburn - Denwick,New network total,,,,,4
EU418,UK,A1,Wetherby - Walshford,A1 North of J46,73800,76800,2001,2006,6
EU419,UK,A1,Wetherby - Walshford,A1 South of J46,75900,77300,2001,2006,6
EU420,UK,A1,Wetherby - Walshford,A1 South of J46,3500,260,2001,2006,6
EU421,UK,A1,Wetherby - Walshford,Existing stretches total,3500,260,2001,2006,6
EU422,UK,A1,Wetherby - Walshford,New project total,149700,154100,2001,2006,6
EU423,UK,A1,Wetherby - Walshford,New network total,153200,154360,2001,2006,6
EU424,UK,A2,Bean - Cobham,A2 Pepperhill,124141,133081,2001,2006,6
EU425,UK,A2,Bean - Cobham,A2 Bean,117914,121457,2001,2006,6
EU426,UK,A2,Bean - Cobham,A2 E of M25,121785,121196,2001,2006,6
EU427,UK,A2,Bean - Cobham,A2 Marley Cross,107047,102822,2001,2006,6
EU428,UK,A2,Bean - Cobham,M25 J2-3,126006,119672,2001,2006,6
EU429,UK,A2,Bean - Cobham,A282 N of A296,133940,141894,2001,2006,6
EU430,UK,A2,Bean - Cobham,M20 J1-2,55965,53814,2001,2006,6
EU431,UK,A2,Bean - Cobham,Existing stretches total,544743,539398,2001,2006,6
EU432,UK,A2,Bean - Cobham,New project total,242055,254538,2001,2006,6
EU433,UK,A2,Bean - Cobham,New network total,786798,793936,2001,2006,6
EU434,UK,A5,Nesscliffe Bypass,Nesscliffe Bypass,19500,17495.09222,1994,2004,6
EU435,UK,A5,Nesscliffe Bypass,Old A5,1240,1202.78759,1994,2004,6
EU436,UK,A5,Nesscliffe Bypass,Existing stretches total,1240,1202.78759,1994,2004,6
EU437,UK,A5,Nesscliffe Bypass,New project total,19500,17495.09222,1994,2004,6
EU438,UK,A5,Nesscliffe Bypass,New network total,20740,18697.87981,1994,2004,6
EU439,UK,A10,"Wadesmill, High Cross and Colliers End Bypass",A10 bypass,23500,25000,1991,2005,6
EU440,UK,A10,"Wadesmill, High Cross and Colliers End Bypass",Old A10,3900,3350,1991,2005,6
EU441,UK,A10,"Wadesmill, High Cross and Colliers End Bypass",Existing stretches total,3900,3350,1991,2005,6
EU442,UK,A10,"Wadesmill, High Cross and Colliers End Bypass",New project total,23500,25000,1991,2005,6
EU443,UK,A10,"Wadesmill, High Cross and Colliers End Bypass",New network total,27400,28350,1991,2005,6
EU444,UK,A11,Attleborough Bypass,A11 Between B1077 & B1077 (Besthorpe),26897.5,25273.5,2004,2007,6
EU445,UK,A11,Attleborough Bypass,A11 Attleborough Bypass (West of B1077),25679.5,24360,2004,2007,6
EU446,UK,A11,Attleborough Bypass,A11 Hargham,29841,26085.5,2004,2007,6
EU447,UK,A11,Attleborough Bypass,Norwich Rd (A11 on slip – Attleborough),2233,2740.5,2004,2007,6
EU448,UK,A11,Attleborough Bypass,Norwich Road (A11 off slip – Mill Lane),7815.5,9439.5,2004,2007,6
EU449,UK,A11,Attleborough Bypass,Deopham Road (Nth of A11 on slip),680.05,690.2,2004,2007,6
EU450,UK,A11,Attleborough Bypass,Ellingham Rd (Deopham Rd – Warrens Lane),6800.5,8323,2004,2007,6
EU451,UK,A11,Attleborough Bypass,Queens Rd (A11 off slip – Queens Court),7003.5,8526,2004,2007,6
EU452,UK,A11,Attleborough Bypass,Station Rd (Connaught Rd – New North Rd),8323,11571,2004,2007,6
EU453,UK,A11,Attleborough Bypass,"West Carr Rd (East of Long St), Sth of Walnut Tree Farm",233.45,375.55,2004,2007,6
EU454,UK,A11,Attleborough Bypass,"Wroo Rd, (Swangey Lane – A11)",1116.5,1319.5,2004,2007,6
EU455,UK,A11,Attleborough Bypass,"B1077 London Road (East of A11, West of Fen St)",4567.5,3654,2004,2007,6
EU456,UK,A11,Attleborough Bypass,Existing stretches total,38773,46639.25,2004,2007,6
EU457,UK,A11,Attleborough Bypass,New project total,82418,75719,2004,2007,6
EU458,UK,A11,Attleborough Bypass,New network total,121191,122358.25,2004,2007,6
EU459,UK,A14,Rookery Crossroads,A14,,,,,6
EU460,UK,A14,Rookery Crossroads,Site 4,2480,1840,,2007,6
EU461,UK,A14,Rookery Crossroads,Site 5,2000,1560,,2007,6
EU462,UK,A14,Rookery Crossroads,Site 6,1840,1820,,2007,6
EU463,UK,A14,Rookery Crossroads,Existing stretches total,6320,5220,,2007,6
EU464,UK,A14,Rookery Crossroads,New project total,,,,2007,6
EU465,UK,A14,Rookery Crossroads,New network total,,,,2007,6
EU466,UK,A21,Lamberhurst Bypass,A21 Lamberhurst Bypass,17100,16400,1998,2006,6
EU467,UK,A21,Lamberhurst Bypass,A21 Lamberhurst Quarter (NW of bypass),23300,24450,1998,2006,6
EU468,UK,A21,Lamberhurst Bypass,old A21 south of Lamberhurst (Spray Hill),600,3850,1998,2006,6
EU469,UK,A21,Lamberhurst Bypass,old A21 Lamberhurst village centre / (B2100 + Spray Hill),3900,6750,1998,2006,6
EU470,UK,A21,Lamberhurst Bypass,B2169 S of Lamberhurst (between B2100 & Spray Hill),5800,6000,1998,2006,6
EU471,UK,A21,Lamberhurst Bypass,B2100 Lamberhurst south (S of old A21),3300,2800,1998,2006,6
EU472,UK,A21,Lamberhurst Bypass,Existing stretches total,13600,19400,1998,2006,6
EU473,UK,A21,Lamberhurst Bypass,New project total,40400,40850,1998,2006,6
EU474,UK,A21,Lamberhurst Bypass,New network total,54000,60250,1998,2006,6
EU475,UK,A27,Polegate Bypass,A27 Polegate Bypass,27600,29058.114,1991,2003,6
EU476,UK,A27,Polegate Bypass,A22 Golden Jubilee Way,26000,23471.7479,1991,2003,6
EU477,UK,A27,Polegate Bypass,B2247 (Dittons Road),7700,7478.522362,1991,2003,6
EU478,UK,A27,Polegate Bypass,Existing stretches total,33700,30950.27026,1991,2003,6
EU479,UK,A27,Polegate Bypass,New project total,27600,29058.114,1991,2003,6
EU480,UK,A27,Polegate Bypass,New network total,61300,60008.38426,1991,2003,6
EU481,UK,A30,Merrymeet Bypass,A30 West of J,25123.15271,23396.765,2004,2008,6
EU482,UK,A30,Merrymeet Bypass,A30 East of J,27980.29557,25026.855,2004,2008,6
EU483,UK,A30,Merrymeet Bypass,New project total,53103.44828,48423.62,2004,2008,6
EU484,UK,A34,A34/M4 Chieveley Improvement,A34 main c'way under A4,36900,28300,1994,2005,6
EU485,UK,A34,A34/M4 Chieveley Improvement,Offslip NB from A34 to Priors Court Rd,3600,4100,1994,2005,6
EU486,UK,A34,A34/M4 Chieveley Improvement,Slip SB from Priors Court Rd,3900,3600,1994,2005,6
EU487,UK,A34,A34/M4 Chieveley Improvement,Offslip NB from A34 to J13 roundabout,17000,17600,1994,2005,6
EU488,UK,A34,A34/M4 Chieveley Improvement,Onslip SB to A34 from J13 roundabout,17300,12900,1994,2005,6
EU489,UK,A34,A34/M4 Chieveley Improvement,Onslip NB to A34 from J13 roundabout,9300,9700,1994,2005,6
EU490,UK,A34,A34/M4 Chieveley Improvement,Offslip SB from A34 to J13 roundabout,8700,9300,1994,2005,6
EU491,UK,A34,A34/M4 Chieveley Improvement,Onslip WB to M4 from J13 roundabout,11700,13800,1994,2005,6
EU492,UK,A34,A34/M4 Chieveley Improvement,Offslip EB from M4 to J13 roundabout,12800,11100,1994,2005,6
EU493,UK,A34,A34/M4 Chieveley Improvement,Offslip WB from M4 to J13 roundabout,12800,14500,1994,2005,6
EU494,UK,A34,A34/M4 Chieveley Improvement,Onslip EB to M4 from J13 roundabout,12800,12400,1994,2005,6
EU495,UK,A34,A34/M4 Chieveley Improvement,Existing stretches total,36900,28300,1994,2005,6
EU496,UK,A34,A34/M4 Chieveley Improvement,New project total,109900,109000,1994,2005,6
EU497,UK,A34,A34/M4 Chieveley Improvement,New network total,146800,137300,1994,2005,6
EU498,UK,A34,Newbury Bypass,A34 Bypass North of A4,29333,17855,1992,1999,6
EU499,UK,A34,Newbury Bypass,A34 Bypass South of A4,31473,24070,1992,1999,6
EU500,UK,A34,Newbury Bypass,A34 Bypass South of A343,27391,17733,1992,1999,6
EU501,UK,A34,Newbury Bypass,"A339 Donnington Link, north of Newbury",17102,18348,1992,1999,6
EU502,UK,A34,Newbury Bypass,"A339 Inner Ring Road, south of A4",32412,29635,1992,1999,6
EU503,UK,A34,Newbury Bypass,"A339 Tot Hill, south of Newbury",6713,4010,1992,1999,6
EU504,UK,A34,Newbury Bypass,Existing stretches total,56227,51993,1992,1999,6
EU505,UK,A34,Newbury Bypass,New project total,88197,59658,1992,1999,6
EU506,UK,A34,Newbury Bypass,New network total,144424,111651,1992,1999,6
EU507,UK,A41,Aston Clinton Bypass,A41 Bypass,18936.51064,26362.59324,1995,2009,6
EU508,UK,A41,Aston Clinton Bypass,Former A41 through Aston Clinton,10860.64581,8539.994994,1995,2009,6
EU509,UK,A41,Aston Clinton Bypass,Existing stretches total,10860.64581,8539.994994,1995,2009,6
EU510,UK,A41,Aston Clinton Bypass,New project total,18936.51064,26362.59324,1995,2009,6
EU511,UK,A41,Aston Clinton Bypass,New network total,29797.15645,34902.58824,1995,2009,6
EU512,UK,A43,Silverstone Improvements,New Syresham BP,31938.65302,21933.86323,,2008,6
EU513,UK,A43,Silverstone Improvements,New Silverstone BP,32398.14188,25120.58093,,2008,6
EU514,UK,A43,Silverstone Improvements,A43 nr Cottisford,31622.11625,23541.61011,,2008,6
EU515,UK,A43,Silverstone Improvements,"Old A43, Silverstone",2085.800951,3126.380776,,2008,6
EU516,UK,A43,Silverstone Improvements,"Old A43, Syresham",485.4801502,413.0758448,,2008,6
EU517,UK,A43,Silverstone Improvements,Existing stretches total,34193.39735,27081.06673,,2008,6
EU518,UK,A43,Silverstone Improvements,New project total,64336.79489,47054.44416,,2008,6
EU519,UK,A43,Silverstone Improvements,New network total,98530.19224,74135.51089,,2008,6
EU520,UK,A46,Newark - Lincoln Improvements,A46 North,24594,16296,1998,2004,6
EU521,UK,A46,Newark - Lincoln Improvements,A46 South,28019,18696,1998,2004,6
EU522,UK,A46,Newark - Lincoln Improvements,New project total,52613,34992,1998,2004,6
EU523,UK,A47,Thorney Bypass,A47 bypass West of B1040,16551.72414,12729.06404,2002,2007,6
EU524,UK,A47,Thorney Bypass,A47 bypass East of B1040,15517.24138,11783.25123,2002,2007,6
EU525,UK,A47,Thorney Bypass,B1167 West of B1040,2325.123153,4935.960591,2002,2007,6
EU526,UK,A47,Thorney Bypass,B1167 East of B1040 (near B1040 junction),2926.108374,5921.182266,2002,2007,6
EU527,UK,A47,Thorney Bypass,B1167 East of B1040 (near A47 Bypass junction),610.8374384,3566.502463,2002,2007,6
EU528,UK,A47,Thorney Bypass,Existing stretches total,5862.068966,14423.64532,2002,2007,6
EU529,UK,A47,Thorney Bypass,New project total,32068.96552,24512.31527,2002,2007,6
EU530,UK,A47,Thorney Bypass,New network total,37931.03448,38935.96059,2002,2007,6
EU531,UK,A63,Melton GSJ,A63 W of Welton,40942.055,47439.07,1998,2006,6
EU532,UK,A63,Melton GSJ,A63 E of Melton,46248.475,55471.78,1998,2006,6
EU533,UK,A63,Melton GSJ,South Lawn Way,5259.73,8361.57,1998,2006,6
EU534,UK,A63,Melton GSJ,Monks Way East,2581.145,6167.14,1998,2006,6
EU535,UK,A63,Melton GSJ,Link Road,4043.76,5077.03,1998,2006,6
EU536,UK,A63,Melton GSJ,Melton WB offslip,1333.71,2443.105,1998,2006,6
EU537,UK,A63,Melton GSJ,Melton WB onslip,3184.055,5308.45,1998,2006,6
EU538,UK,A63,Melton GSJ,Melton EB offslip,3029.775,5059.775,1998,2006,6
EU539,UK,A63,Melton GSJ,Melton EB onslip,1331.68,2737.455,1998,2006,6
EU540,UK,A63,Melton GSJ,Melton overbridge,4983.65,7840.875,1998,2006,6
EU541,UK,A63,Melton GSJ,Existing stretches total,25747.505,42995.4,1998,2006,6
EU542,UK,A63,Melton GSJ,New project total,87190.53,102910.85,1998,2006,6
EU543,UK,A63,Melton GSJ,New network total,112938.035,145906.25,1998,2006,6
EU544,UK,A66,Carkin Moor - Scotch Corner Improvement,"A66, East of Moor Road",15665.02463,15659.42,,2009,6
EU545,UK,A66,Carkin Moor - Scotch Corner Improvement,"A66, West of B6274",16256.15764,15659.42,,2009,6
EU546,UK,A66,Carkin Moor - Scotch Corner Improvement,"Moor Road, North of A66",1477.832512,1339.2925,,2009,6
EU547,UK,A66,Carkin Moor - Scotch Corner Improvement,"Hargill, South of A66",1871.921182,1596.84875,,2009,6
EU548,UK,A66,Carkin Moor - Scotch Corner Improvement,"B6274, South of A66",1280.788177,1030.225,,2009,6
EU549,UK,A66,Carkin Moor - Scotch Corner Improvement,Existing stretches total,4630.541872,3966.36625,,2009,6
EU550,UK,A66,Carkin Moor - Scotch Corner Improvement,New project total,31921.18227,31318.84,,2009,6
EU551,UK,A66,Carkin Moor - Scotch Corner Improvement,New network total,36551.72414,35285.20625,,2009,6
EU552,UK,A66,Greta Bridge - Stephen Bank Improvement,A66 East of Lanehead Lane,15665.02463,15659.42,2003,2009,6
EU553,UK,A66,Greta Bridge - Stephen Bank Improvement,A66 West of Low Lane East,15566.50246,15659.42,2003,2009,6
EU554,UK,A66,Greta Bridge - Stephen Bank Improvement,"Lanehead Lane, North of A66",394.08867,412.09,2003,2009,6
EU555,UK,A66,Greta Bridge - Stephen Bank Improvement,"Low Lane East, South of A66",985.2216749,772.66875,2003,2009,6
EU556,UK,A66,Greta Bridge - Stephen Bank Improvement,Existing stretches total,1379.310345,1184.75875,2003,2009,6
EU557,UK,A66,Greta Bridge - Stephen Bank Improvement,New project total,31231.52709,31318.84,2003,2009,6
EU558,UK,A66,Greta Bridge - Stephen Bank Improvement,New network total,32610.83744,32503.59875,2003,2009,6
EU559,UK,A249,Iwade Queenborough Improvement,A249 Iwade to Cowstead,26500,27500,1997,2007,6
EU560,UK,A249,Iwade Queenborough Improvement,Local Access Road (old A249),3300,3100,1997,2007,6
EU561,UK,A249,Iwade Queenborough Improvement,Existing stretches total,3300,3100,1997,2007,6
EU562,UK,A249,Iwade Queenborough Improvement,New project total,26500,27500,1997,2007,6
EU563,UK,A249,Iwade Queenborough Improvement,New network total,29800,30600,1997,2007,6
EU564,UK,A419,Commonhead Junction,A419 N of Commonhead,53933,54150,1999,2008,6
EU565,UK,A419,Commonhead Junction,A419 S of Commonhead,56575,58770,1999,2008,6
EU566,UK,A419,Commonhead Junction,A419 Flyover,42917,42000,1999,2008,6
EU567,UK,A419,Commonhead Junction,A419 NB Onslip,5862,5168,1999,2008,6
EU568,UK,A419,Commonhead Junction,A419 NB Offslip,6284,8580,1999,2008,6
EU569,UK,A419,Commonhead Junction,A419 SB Onslip,7374,8190,1999,2008,6
EU570,UK,A419,Commonhead Junction,A419 SB Offslip,5154,7020,1999,2008,6
EU571,UK,A419,Commonhead Junction,A4259 W of Junction,23229,40000,1999,2008,6
EU572,UK,A419,Commonhead Junction,Existing stretches total,47903,68958,1999,2008,6
EU573,UK,A419,Commonhead Junction,New project total,105354,105938,1999,2008,6
EU574,UK,A419,Commonhead Junction,New network total,153257,174896,1999,2008,6
EU575,UK,A421,Great Barford Bypass,A421 Great Barford Bypass,24841,22794,2002,2007,6
EU576,UK,A421,Great Barford Bypass,"Old Road, West of Great Barford",2206,1658,2002,2007,6
EU577,UK,A421,Great Barford Bypass,"Old Road, East of Great Barford",6490,4870,2002,2007,6
EU578,UK,A421,Great Barford Bypass,Existing stretches total,8696,6528,2002,2007,6
EU579,UK,A421,Great Barford Bypass,New project total,2206,1658,2002,2007,6
EU580,UK,A421,Great Barford Bypass,New network total,10902,8186,2002,2007,6
EU581,UK,A500,"Basford, Hough, Shavington Bypass","A500 Bypass, East",14226.98188,11306.21076,2000,2008,6
EU582,UK,A500,"Basford, Hough, Shavington Bypass","A500 Bypass, West",17430.40826,11871.5213,2000,2008,6
EU583,UK,A500,"Basford, Hough, Shavington Bypass",A500 East of Bypass,15074.94768,9798.715995,2000,2008,6
EU584,UK,A500,"Basford, Hough, Shavington Bypass",A500 West of Bypass,26286.94002,21858.67414,2000,2008,6
EU585,UK,A500,"Basford, Hough, Shavington Bypass",A534 in Crewe,22800.85837,28925.05587,2000,2008,6
EU586,UK,A500,"Basford, Hough, Shavington Bypass","Old A500, East of Hough",4899.357997,4051.39219,2000,2008,6
EU587,UK,A500,"Basford, Hough, Shavington Bypass","Old A500, West of Hough",3862.955344,3109.20796,2000,2008,6
EU588,UK,A500,"Basford, Hough, Shavington Bypass",Existing stretches total,72925.05942,67743.04616,2000,2008,6
EU589,UK,A500,"Basford, Hough, Shavington Bypass",New project total,31657.39014,23177.73207,2000,2008,6
EU590,UK,A500,"Basford, Hough, Shavington Bypass",New network total,104582.4496,90920.77822,2000,2008,6
EU591,UK,A500,City Road & Stoke Road Junction Improvements,"A500, N of A50",69675,81264,,2008,6
EU592,UK,A500,City Road & Stoke Road Junction Improvements,"A500 mainline, Stoke Rd-City Rd",59856,64990,,2008,6
EU593,UK,A500,City Road & Stoke Road Junction Improvements,"A500, N of B5054",69517,76167,,2008,6
EU594,UK,A500,City Road & Stoke Road Junction Improvements,"A500 slips (2-way), S of City Rd",15130,23445,,2008,6
EU595,UK,A500,City Road & Stoke Road Junction Improvements,"A500 links (2-way), N of City Rd",12806,20594,,2008,6
EU596,UK,A500,City Road & Stoke Road Junction Improvements,"A500 links (2-way), S of Stoke Rd",10343,19500,,2008,6
EU597,UK,A500,City Road & Stoke Road Junction Improvements,"A500 slips (2-way), N of Stoke Rd",17780,20905,,2008,6
EU598,UK,A500,City Road & Stoke Road Junction Improvements,"Whieldon Rd, E of A500",3132,6060,,2008,6
EU599,UK,A500,City Road & Stoke Road Junction Improvements,"City Rd, E of A500",20106,25038,,2008,6
EU600,UK,A500,City Road & Stoke Road Junction Improvements,"Church St, W of A500",8713,8857,,2008,6
EU601,UK,A500,City Road & Stoke Road Junction Improvements,"Stoke Rd, E of A500",13448,17768,,2008,6
EU602,UK,A500,City Road & Stoke Road Junction Improvements,"Shelton Old Rd, W of Liverpool Rd",7657,10004,,2008,6
EU603,UK,A500,City Road & Stoke Road Junction Improvements,Liverpool Rd,5000,6949,,2008,6
EU604,UK,A500,City Road & Stoke Road Junction Improvements,Existing stretches total,199048,222421,,2008,6
EU605,UK,A500,City Road & Stoke Road Junction Improvements,New project total,114115,159120,,2008,6
EU606,UK,A500,City Road & Stoke Road Junction Improvements,New network total,313163,381541,,2008,6
EU607,UK,A650,Bingley Relief Road,A650 Bingley Relief Road North,29162.56158,33891.62562,,2005,6
EU608,UK,A650,Bingley Relief Road,A650 Bingley Relief Road South,30147.78325,35862.06897,,2005,6
EU609,UK,A650,Bingley Relief Road,‘old’ A650 Main Street Bingley,15566.50246,13497.53695,,2005,6
EU610,UK,A650,Bingley Relief Road,Existing stretches total,15566.50246,13497.53695,,2005,6
EU611,UK,A650,Bingley Relief Road,New project total,59310.34483,69753.69458,,2005,6
EU612,UK,A650,Bingley Relief Road,New network total,74876.84729,83251.23153,,2005,6
EU613,UK,A1033,Hedon Road Improvement,New Hedon Rd (W of Southcoates La),27500,24600,1993,2004,6
EU614,UK,A1033,Hedon Road Improvement,New Hedon Rd (E of Southcoates La),35400,32500,1993,2004,6
EU615,UK,A1033,Hedon Road Improvement,New project total,62900,57100,1993,2004,6
EU616,UK,M1,Junction 31-32 Widening,M1 J31-32 northbound,66443.93,74692.34273,1994,2008,6
EU617,UK,M1,Junction 31-32 Widening,M1 J31-32 southbound,66452.05,75883.28283,1994,2008,6
EU618,UK,M1,Junction 31-32 Widening,New project total,132895.98,150575.6256,1994,2008,6
EU619,UK,M4,Junction 18 Easbound Diverge,,43600,50600,2004,2006,6
EU620,UK,M4,Junction 18 Easbound Diverge,New project total,43600,50600,2004,2006,6
EU621,UK,M5,Climbing Lanes,Naish,46369,49020,,2007,6
EU622,UK,M5,Climbing Lanes,Tickenham,47519,50197,,2007,6
EU623,UK,M5,Climbing Lanes,Hallen,49473,52527,,2007,6
EU624,UK,M5,Climbing Lanes,New project total,143361,151744,,2007,6
EU625,UK,M6,Toll,M6 J3–J3A (E of M6 Toll tie-in),113799.6837,148083.753,2003,2011,6
EU626,UK,M6,Toll,M6 J11-11A,80461.69241,90012.57639,2003,2011,6
EU627,UK,M6,Toll,M6 J11A -J12,113709.581,130919.1927,2003,2011,6
EU628,UK,M6,Toll,M6 Toll (T2 - T3),38113.43324,52079.3485,2003,2011,6
EU629,UK,M6,Toll,M6 Toll (T3 - T4),38293.6386,52349.65654,2003,2011,6
EU630,UK,M6,Toll,M6 Toll (T5 - T6),40546.20558,60774.25703,2003,2011,6
EU631,UK,M6,Toll,M6 Toll (T6 - T7),40546.20558,59062.30613,2003,2011,6
EU632,UK,M6,Toll,M6 Toll (T8 - M6 North),33968.71001,40996.71897,2003,2011,6
EU633,UK,M6,Toll,M42 J9 – 10,69919.67896,74605.01827,2003,2011,6
EU634,UK,M6,Toll,A38 A5 - A453 (Canwell Hall),28922.95998,38428.79262,2003,2011,6
EU635,UK,M6,Toll,A5 East of Brownhills (A452-A461),17479.91974,19417.12734,2003,2011,6
EU636,UK,M6,Toll,"A5 Great Wyrley, (E of A34)",25679.26353,29283.3707,2003,2011,6
EU637,UK,M6,Toll,A446 A38-A4091,17479.91974,15993.22553,2003,2011,6
EU638,UK,M6,Toll,Existing stretches total,159481.7419,177727.5345,2003,2011,6
EU639,UK,M6,Toll,New project total,499439.1501,634277.8093,2003,2011,6
EU640,UK,M6,Toll,New network total,658920.892,812005.3437,2003,2011,6
EU641,UK,M25,Junction 12-15 Widening,N of J15,91400,75525,1996,2006,6
EU642,UK,M25,Junction 12-15 Widening,E of J15,76900,81125,1996,2006,6
EU643,UK,M25,Junction 12-15 Widening,W of J15,77600,79875,1996,2006,6
EU644,UK,M25,Junction 12-15 Widening,S of J15,98050,96625,1996,2006,6
EU645,UK,M25,Junction 12-15 Widening,N of J13,102050,97050,1996,2006,6
EU646,UK,M25,Junction 12-15 Widening,N of J12,95500,91050,1996,2006,6
EU647,UK,M25,Junction 12-15 Widening,E of J12,33700,36450,1996,2006,6
EU648,UK,M25,Junction 12-15 Widening,W of J12,62700,68125,1996,2006,6
EU649,UK,M25,Junction 12-15 Widening,S of J12,89750,91175,1996,2006,6
EU650,UK,M25,Junction 12-15 Widening,New project total,727650,717000,1996,2006,6
EU651,UK,M40 A404,Junction 4 and Handy Cross Junction,Handy Cross r’bt between M40 W/B on slip and M40 E/B off slip,38000,33500,2004,2008,6
EU652,UK,M40 A404,Junction 4 and Handy Cross Junction,M40 Jn 4 E/B Off Slip,16100,13300,2004,2008,6
EU653,UK,M40 A404,Junction 4 and Handy Cross Junction,Exit from r’bt to A4010 N/B,12400,11300,2004,2008,6
EU654,UK,M40 A404,Junction 4 and Handy Cross Junction,Entry to r’bt from A4010 S/B,10400,9300,2004,2008,6
EU655,UK,M40 A404,Junction 4 and Handy Cross Junction,Exit from r’bt to C100 (N) N/B,9000,7800,2004,2008,6
EU656,UK,M40 A404,Junction 4 and Handy Cross Junction,Entry to r’bt from C100 (N) S/B,10500,10200,2004,2008,6
EU657,UK,M40 A404,Junction 4 and Handy Cross Junction,Exit from r’bt to A404 N/B,13000,12000,2004,2008,6
EU658,UK,M40 A404,Junction 4 and Handy Cross Junction,Entry to r’bt from A404 S/B,17700,16400,2004,2008,6
EU659,UK,M40 A404,Junction 4 and Handy Cross Junction,M40 Jn 4 E/B on slip,19900,19700,2004,2008,6
EU660,UK,M40 A404,Junction 4 and Handy Cross Junction,Handy Cross r’bt between M40 E/B on slip and M40 W/B off slip,34600,31300,2004,2008,6
EU661,UK,M40 A404,Junction 4 and Handy Cross Junction,M40 Jn 4 W/B off slip,20500,16800,2004,2008,6
EU662,UK,M40 A404,Junction 4 and Handy Cross Junction,Exit from r’bt to A404 (S) S/B,30600,28800,2004,2008,6
EU663,UK,M40 A404,Junction 4 and Handy Cross Junction,Entry to r’bt from A404 (S)N/B,17600,20500,2004,2008,6
EU664,UK,M40 A404,Junction 4 and Handy Cross Junction,Exit from r’bt to C100 (S) S/B,5400,4900,2004,2008,6
EU665,UK,M40 A404,Junction 4 and Handy Cross Junction,Entry to r’bt from C100 (S) N/B,10000,9400,2004,2008,6
EU666,UK,M40 A404,Junction 4 and Handy Cross Junction,M40 Jn 4 W/B on slip,12400,11300,2004,2008,6
EU667,UK,M40 A404,Junction 4 and Handy Cross Junction,New project total,278100,256500,2004,2008,6
EU668,UK,M60,Junctions 5 - 8 Widenning,J4 - J5,70500,80000,1997,2007,6
EU669,UK,M60,Junctions 5 - 8 Widenning,J5 - J6,109000,111000,1997,2007,6
EU670,UK,M60,Junctions 5 - 8 Widenning,J8 - J9,113000,107000,1997,2007,6
EU671,UK,M60,Junctions 5 - 8 Widenning,New project total,292500,298000,1997,2007,6
